"pagetitle-page-level-admin-permission";"Permissions"
"pagetitle-page-index-admin-packages";"Permissions - Packages"
"%s package found";"%s package found";"%s packages found"
"Total Pages";"Total Pages"
"Back to Permission Settings";"Back to Permissions"
"Page Features/Apps";"Page Features/Apps"
"pagetitle-page-edit-admin-packages";"Edit Package"
"pagetitle-page-create-admin-packages";"Create Package"
"How often should pages in this package be billed?";"How often should pages in this package be billed?"
"Create Package";"Create Package"
"When should this plan expire? For one-time plans, the plan will expire after the period of time set here. For recurring plans, the page will be billed at the above billing cycle for the period of time specified here.";"When should this plan expire? For one-time plans, the plan will expire after the period of time set here. For recurring plans, the page will be billed at the above billing cycle for the period of time specified here."
"there are no claimable page creators";"There are no claimable page creators."
"pagetitle-page-index-admin-claim";"Manage Claims"
"pagetitle-page-process-admin-claim";"Page Claims"
"there are no claims ";"There are no claims."
"pagetitle-page-index-admin-editor";"Default Layout Editor"
"pagetitle-page-index-admin-subscription";"Page Subscriptions"
"Deleted Page";"Deleted Page"
"pagetitle-page-index-admin-transactions";"Transactions"
"pagetitle-page-index-admin-manage";"View Pages"
"PAGE_ADMINPERMISSION_MODE_DESCRIPTION";"Permission settings allow you set up the way you earn money from your page owners(business members). Flexible permission system of Pages plugin provides two options:<br />
- <b>Member Level mode</b>. If your site is based on subscription system and you earn by selling subscriptions for member level then it is an easiest mode for you. You can allow and/or restrict Pages plugin and Store plugin features by member level.<br />
- <b>Package mode</b>. You can create packages which provides various features set. So your members choose a package which is most suitable for their needs. For example, you can create Free package which allows to everyone for free to create Page but without some features - no option to sell products, albums, etc. At the same time, you provide Paid package which costs $9 per month and allows page owner to upload photos, sell products, and so on.<br /><br />
If you would like to provide selling option for pages then you need to install <a href=""http://anonym.to/http://www.hire-experts.com/social-engine/store-plugin"" target=""_blank"">Store plugin</a>."
"PAGE_PACKAGE_Save Package";"Save Package"

"PACKAGE_ADD_NEW_PACKAGE";"Add New Package"
"PACKAGE_EDITCREATE_FORM_TITLE";"Create a New Package"
"PACKAGE_EDITCREATE_FORM_DESCRIPTION";"Below you can create a new page package which will be shown as option for members on page creation process. Please accurately check all settings below and set up them according to your needs. For example, you can create Free package which allows to everyone for free to create Page but without some features - no option to sell products, albums, etc. At the same time, you provide Paid package which costs $9 per month and allows page owner to upload photos, sell products, and so on."

"PACKAGE_EDITCREATE_FORM_NAME_TITLE";"Name"
"PACKAGE_EDITCREATE_FORM_NAME_DESCRIPTION";"Your package name"

"PACKAGE_EDITCREATE_FORM_DESCRITPION_TITLE";"Description"
"PACKAGE_EDITCREATE_FORM_DESCRITPION_DESCRIPTION";"Your package description"

"PACKAGE_EDITCREATE_FORM_PRICE_TITLE";"Price"
"PACKAGE_EDITCREATE_FORM_PRICE_DESCRIPTION";"Your package price"

"PACKAGE_EDITCREATE_FORM_DURATION_TITLE";"Duration"
"PACKAGE_EDITCREATE_FORM_DURAION_DESCRIPTION";"Your package duration"

"PACKAGE_EDITCREATE_FORM_ENABLED_TITLE";"Enabled"
"PACKAGE_EDITCREATE_FORM_ENABLED_DESCRIPTION";"Is your package enabled after creation?"

"PACKAGE_EDITCREATE_FORM_AUTOAPPROVED_TITLE";"Auto-Approve"
"PACKAGE_EDITCREATE_FORM_AUTOAPPROVED_DESCRIPTION";"Auto-Approve pages of this package. These pages will not need admin moderation approval before going live."

"PACKAGE_EDITCREATE_FORM_SPONSORED_TITLE";"Sponsored"
"PACKAGE_EDITCREATE_FORM_SPONSORED_DESCRIPTION";"Make pages of this package as Sponsored."

"PACKAGE_EDITCREATE_FORM_FEATURED_TITLE";"Featured"
"PACKAGE_EDITCREATE_FORM_FEATURED_DESCRIPTION";"Make pages of this package as Featured."

"PACKAGE_EDITCREATE_FORM_TELL_TITLE";"Tell your friend"
"PACKAGE_EDITCREATE_FORM_TELL_DESCRIPTION";"Tell your friends about this!"

"PACKAGE_EDITCREATE_FORM_PRINT_TITLE";"Print"
"PACKAGE_EDITCREATE_FORM_PRINT_DESCRIPTION";"Show Print button"

"PACKAGE_EDITCREATE_FORM_OVERVIEW_TITLE";"Overview"
"PACKAGE_EDITCREATE_FORM_OVERVIEW_DESCRIPTION";"Overview"

"PACKAGE_EDITCREATE_FORM_LOCATION_TITLE";"Location Map"
"PACKAGE_EDITCREATE_FORM_LOCATION_DESCRIPTION";"Location Map"

"PACKAGE_EDITCREATE_FORM_INSIGHTS_TITLE";"Insights"
"PACKAGE_EDITCREATE_FORM_INSIGHTS_DESCRIPTION";"Insights"

"PACKAGE_EDITCREATE_FORM_DETAILS_TITLE";"Contact Details"
"PACKAGE_EDITCREATE_FORM_DETAILS_DESCRIPTION";"Contact Details"

"PACKAGE_EDITCREATE_FORM_UPDATE_TITLE";"Send An Announcement"
"PACKAGE_EDITCREATE_FORM_UPDATE_DESCRIPTION";"Send An Announcement"

"PACKAGE_EDITCREATE_FORM_MODULES_TITLE";"Modules"
"PACKAGE_EDITCREATE_FORM_MODULES_DESCRIPTION";"Modules"

"PACKAGE_EDITCREATE_FORM_INFORMATION_TITLE";"Information"
"PACKAGE_EDITCREATE_FORM_INFORMATION_DESCRIPTION";"Information"

"PACKAGE_EDITCREATE_FORM_OTHER_TITLE";"Show in 'Other available Packages' List"
"PACKAGE_EDITCREATE_FORM_OTHER_DESCRIPTION";"Show in "Other available Packages" List"

  

  


"PAGE_MAXIMUM_ALLOWED_TITLE";"You've exceeded the count of maximum allowed pages for your member level"
"PAGE_MAXIMUM_ALLOWED_DESCRIPTION";"You're not allowed to create more pages according to your member level settings."

"PAGE_MAXIMUM_ALLOWED_FORM_TITLE";"Maximum Allowed Pages"
"PAGE_MAXIMUM_ALLOWED_FORM_DESCRIPTION";"Here you can control how many pages are allowed to create for this member level"

"PAGE_ALLOW_LAYOUT_FORM_TITLE";"Allow Layout Editor?"
"PAGE_ALLOW_LAYOUT_FORM_DESCRIPTION";"Do you want to let members use layout editor?"

"PAGE_ALLOW_COLS_EDIT_FORM_TITLE";"Allow Option to Change Columns?"
"PAGE_ALLOW_COLS_EDIT_FORM_DESCRIPTION";"Do you want to let members edit columns?"

"pagetitle-page-index-index";"Browse Pages"
"pagetitle-page-index-admin-settings";"Pages - Global Settings"
"pagetitle-pagevideo-index-admin-settings";"Pages - Videos Extension"
"pagetitle-pagediscussion-index-admin-settings";"Pages - Discussions Extension"
"pagetitle-pagealbum-index-admin-settings";"Pages - Albums Extension"
"pagetitle-pageblog-index-admin-settings";"Pages - Blog Extension"
"pagetitle-pagedocument-index-admin-index";"Pages - Document Extension"
"pagetitle-pagedocument-categories-admin-index";"Pages - Document Extension"
"pagetitle-pagemusic-index-admin-settings";"Pages - Music Extension"
"pagetitle-pageevent-index-admin-settings";"Pages - Events Extension"
"Page Global Settings";"Settings"
"PAGE_FORM_ADMIN_GLOBAL_DESCRIPTION";"These settings affect all members in your community."
"PAGE_SETTING_GMAPKEY_DESC";"Please enter your Google Map API Key which is needed for your Pages maps, if you do not have one, you can get it for free at <a href='http://code.google.com/apis/maps/signup.html' target='_blank' >Google Maps API</a>"
"Google Map Key";"Google Map Key"
"Item Count on Browse Page";"Items Per Page"
"PAGE_SETTING_BROWSE_COUNT";"The number of pages on Browse page"
"Recent Pages Count";"Recent Pages Count"
"PAGE_SETTING_RECENT_COUNT";"The number of pages on `Recent Pages` widget"
"Popular Pages Count";"Popular Pages Count"
"PAGE_SETTING_POPULAR_COUNT";"The number of pages on `Most Popular Pages` widget"
"Featured Pages Count";"Featured Pages Count"
"Sponsored Pages Count";"Sponsored Pages Count"
"PAGE_SETTING_FEATURED_COUNT";"The number of pages on `Featured Pages` widget"
"PAGE_SETTING_SPONSORED_COUNT";"The number of pages on `Sponsored Pages` widget"
"PAGE_SETTING_APPROVAL";"Auto-approve new submitted pages"
"New Pages Approval";"Pages Auto-approval"
"Are you sure you want to delete the selected pages?";"Are you sure you want to delete the selected pages?"
"Are you sure you want to delete this page?";"Are you sure you want to delete this page?"
"This is a list all pages created by your users. You can approve, disapprove or delete them. Use form to filter pages.";"Browse pages created by your users, choose filter criteria to find appropriate pages. You can approve, disapprove or delete pages. Please note that disapproved pages are not shown on Browse Pages and widgets."
"%s page found";"%s page found";"%s pages found"
"Title";"Title"
"Owner";"Owner"
"Views";"Views"
"views";"views"
"Date";"Date"
"Options";"Options"
"Untitled";"Untitled"
"Uncategorized";"Uncategorized"
"view";"view"
"delete";"delete"
"approve";"approve"
"disapprove";"disapprove"
"set featured";"set featured"
"set usual";"set usual"
"Delete Selected";"Delete Selected"
"pages_admin there are no pages";"There are no pages posted by your members yet."
"PAGE_FORM_ADMIN_LEVEL_DESCRIPTION";"These settings are applied on a member level basis. Start by selecting the member level you want to modify, then adjust the settings for the level below."
"PAGE_FORM_ADMIN_LEVEL_VIEW_DESCRIPTION";"Do you want to let members create pages?"
"Page Level Settings";"Pages Level Settings"
"Allow Page Creation?";"Allow Creation of Pages?"
"Your members can choose from any of the options checked below when they decide who can see their pages.";"Your members can choose any from the options checked below when they decide who can see their pages."
"Your members can choose from any of the options checked below when they decide who can post comments on their pages.";"Your members can choose any from the options checked below when they decide who can post comments on their pages."
"Your members can choose from any of the options checked below when they decide who can post content on their pages.";"Your members can choose any from the options checked below when they decide who can post content on their pages."
"Page Privacy";"Pages Privacy"
"Page Comment Options";"Pages Comment Options"
"Page Posting Options";"Pages Posting Options"
"Page Fields";"Page Fields"
"Create your own field system in Page Plugn.";"Your members will be asked to provide some information about their Pages when submitting or editing their Page. Create some fields that allow them to describe their Page. To reorder the page fields, click on their names and drag them up or down. If you want to show different sets of fields to different types of pages, you can create multiple "page types". This is useful, for example, if you want your community to have actors page and restaurant pages, each with a different set of page fields."
"Editing Page Type";"Editing Page Type(Category)"
"Add Field";"Add Field"
"Add Heading";"Add Heading"
"Edit Category";"Edit Category"
"Delete Category";"Delete Category"
"Create New Category";"Create New Category"
"New Category Set";"New Category Set"
"Save Order";"Save Order"
"This category set will be permanently deleted. Continue?";"This category set will be permanently deleted. Continue?"
"Categories"; "Categories"

"PAGE_VISITORS_DESC";"<span class='bold'>Visitors</span> - Total number of unique visitors who have viewed your Page per day/month.<br />"
"PAGE_VIEWS_DESC";"<span class='bold'>Page Views</span> - Total number of times your Page have been viewed per day/month.<br />"
"PAGE_MAP_DESC";"<span class='bold'>Map Overlay</span> - Use this map to visualize your Page visitors by geographic region."

"_CORE_PAGE_STATS_UNIQUE";"Visitors Statistics"
"_CORE_PAGE_STATS_VIEWS";"Views Statistics"
"_CORE_PAGE_STATS_LIKES";"Like Statistics"
"Page Plugin";"Pages Plugin"
"Page Layout Editor";"Page Layout Editor"
"PAGE_LAYOUT_DESC";"This layout editor allows you to customize look and features set of your page. Choose your favorite layout and add widgets and place it to any wished position. If you would like to add you custom HTML code then please use `HTML Block` widget."
"Editing:";"Editing:"
"Save Changes";"Save Changes"
"Create Page";"Create Page"
"View Page";"View Page"
"Delete Page";"Delete Page"
"Back To Edit Page Dashboard";"Back to Edit Page Dashboard"
"Page Block Placement";"Page Block Placement"
"Select a new column layout for this page.";"Select a new column layout for this page."
"and keep your current layout.";"and keep your current layout."
"Edit Columns";"Edit Columns"
"Global Header";"Global Header"
"Global Footer";"Global Footer"
"Drop things here to add them to the global header.";"Drop things here to add them to the global header."
"Available Blocks";"Available Blocks"
"Tabbed Blocks";"Tabbed Blocks"
"edit";"edit"

"Error: no values";"Error: no values"

"Sort by";"Sort by"
"Newest";"Newest"
"Show on the Map";"Show on the Map"
"Show List";"Show List"
"View:";"View:"
"Most Popular";"Most Popular"
"Alphabetically";"Alphabetically"
"Category";"Category"
"Category Set"; "Category Set"
"Total Fans";"Total Fans"
"Tags";"Tags"
"There is no pages";"There are no pages."

"Pages";"Pages"
"HE_Pages";"Pages"
"Fans";"Fans"
"Unique Visitors";"Unique Visitors"
"Page Views";"Page Views"
"Data for last 30 days";"Data for last 30 days"
"View Detailed Statistics";"View Detailed Statistics"
"Admins";"Admins"
"PAGE Add";"Add Admin"
"PAGE_TEAM_MANAGE";"Manage Team"
"PAGE_EMPLOYER_ADD";"Add Employee"
"Admin";"Admin"
"Remove Admin";"Remove Admin"
"Information";"Information"
"Edit";"Edit"
"Hide";"Hide"
"Edit your Page title, description, location and other information.";"Below you can edit basic settings of your page: title, description, location, website, phone, page type, etc."
"Privacy Settings";"Privacy Settings"
"Edit your Page privacy settings: who can view, post content, etc.";"Below you can edit your page privacy settings: who is allowed to view your page, post blogs, upload videos, leave comments, etc.<br /><br />
<b>Only page creator is allowed to change privacy of the page.</b>"
"Photo";"Photo"
"Edit your Page photo.";"Change your page profile photo, it allows to attract more visitors to your page."
"Delete Photo";"Delete Photo"
"Layout";"Layout"
"Edit your Page layout - add new wid, change apps position, etc.";"Edit your Page layout - add new widgets, change widgets position, etc."
"Statistics";"Statistics"
"Country/Territory";"Country/Territory"
"Visitors";"Visitors"
"Percentage";"Percentage"
"Back To Edit Page Dashboard";"Back to Edit Page Dashboard"
"Previous";"Previous"
"Next";"Next"

"Page Details";"Details"
"Title";"Title"
"Description";"Description"
"Address";"Address"
"Page Address";"Address"
"Website";"Website"
"Phone";"Phone"
"View Larger Map";"View Larger Map"
"Write something about %s page.";"Write something about %s page."
"My Pages";"My Pages"
"HE_My Pages";"My Pages"
"Create New Page";"Create New Page"

"This URL is already taken by other page.";"This URL has already been taken by other page owner."
"No rights";"You do not have rights to view this page."
"Undefined page.";"Undefined page."
"This url is free.";"This url is free."
"Page with this url is already exists.";"Page with this url have already been created."
"The image you selected was too large.";"The image you selected is too large."
"This URL is already taken by other page.";"This URL has already been taken by other page owner."

"PAGE_DELETE_DESC";"Are you sure you want to delete page %s? <br />Deleting this page you will delete all content related <br />to this page, including photos, widgets and etc."
"Changes have been successfully saved.";"Changes have been successfully saved."
"Image was successfully proccessed.";"Image has been successfully processed."
"Settings were successfully saved.";"Settings have been successfully saved."
"Do not specified editting type.";"You did not specified editing type."

"Approved";"Approved"
"Featured";"Featured"
"Search";"Search"

"Fans, Admins and Owner";"Fans, Admins and Owner"
"Admins and Owner";"Admins and Owner"
"Fans";"Fans"
"Team";"Team"
"Save Changes";"Save Changes"
"This month";"This month"
"This year";"This year"
"By day";"By day"
"By month";"By month"
"Filter";"Filter"
"Are you sure you want to delete page team?";"Are you sure you want to delete page team?"
"Delete";"Delete"
"cancel";"cancel"
"Delete Page Admin";"Delete Page Admin"
"PAGE_CREATE_DESC";"Communicate with your customers and fans by creating and maintaining your official Page."
"PAGE_CREATE_TITLE";"Create New Page"

"PAGE_CREATE_URL_DESC";"You can set custom destination to make it easier for people to find your Page. The URL may only contain alphanumeric characters and dashes. The full url will be <span id='page_url_placeholder'>http://%s</span>"

"Search Privacy";"Search Privacy"
"Include this page in search results?";"Do you want to include this page in search results?"
"Yes, include in search results.";"Yes, include this page in search results."
"No, hide from search results.";"No, hide this page from search results."
"Admins and Owner Only";"Admins and Owner Only"
"View Privacy";"View Privacy"
"Who can see this page?";"Who is allowed to see this page? Note: the page will be shown in listings but can be viewed only by selected below people:"
"Comment Privacy";"Comment Privacy"
"Who can comment photos, videos, blogs and events?";"Who is allowed to leave comments on photos, videos, blogs, music, events, etc and post on the wall?"
"Save";"Save"

"Published by";"Published by"

"page";"page";"pages"
"%s page";"%s page";"%s pages"

"View All Pages";"View All Pages"
"page_Use this form to search content within this page.";"Use this form to search content within this page."
"page_menu_Page";"HE - Page"
"Content sorted by %s tag.";"Content sorted by <b>%s</b> tag."
"Share Page";"Share Page"
"Note";"Note"
"Tag Cloud";"Tag Cloud"
"Reviews";"Reviews"

"{actors:$subject:$object} created a new page: ";"{item:$object} page has been created"
"{actors:$subject:$object} created new {item:$object:$label}.";"{actors:$subject:$object} created new {item:$object:$label}."
"{item:$subject} created new {item:$object:$label}.";"{item:$subject} created new {item:$object:$label}."

"{var:$content}";"{var:$content}"
"Add admins";"Add admins"
"Pages sorted by";"Pages sorted by"
"tag";"tag"
"Loading...";"Loading..."

"ITEM_TYPE_PAGE";"Pages"
"_ACTIVITY_ACTIONTYPE_PAGE_CREATE";"New page creation"
"ADMIN_ACTIVITY_TYPE_PAGE_CREATE";"When someone creates a page"

"Page Rate";"Page Rate"
"Displays the page's rate information.";"Displays the page's rate information."

"Page Activity Feed";"Page Activity Feed"
"Displays the page's activity feed(wall).";"Displays the page's activity feed(wall)."
"Updates";"Updates"
"page_Updates";"Updates"

"Page Photo";"Page Photo"
"Displays the page's photo(logo).";"Displays the page's photo(logo)."

"Page Like Status";"Page Like Status"
"Displays the page's `likes` options.";"Displays the page's `likes` options."

"Page Map";"Page Map"
"Displays the page's location on Google Map.";"Displays the page's location on Google Map."

"Page Note";"Page Note"
"Displays the page's note - informative/welcome text, team members are allowed to edit this note.";"Displays the page's note - informative/welcome text, team members are allowed to edit this note."

"Page Team";"Page Team"
"Displays the page's team members.";"Displays the page's team members."

"Members Likes This";"Members Likes This"
"Displays members who liked the page.";"Displays members who liked the page."

"Page Options";"Page Options"
"Displays the page's options.";"Displays the page's options."

"Displays a page's contacts on it's profile.";"Displays Contact Form for page visitors."
"Displays a page's FAQ on it's profile.";"Displays FAQs which you can create in FAQ app section."

"Page Info";"Page Info"
"Displays the page's detailed information.";"Displays the page\'s detailed information."
"Info";"Info"
"page_Info";"Info"

"Displays search box.";"Displays search box."

"Tag Cloud";"Tags Cloud"
"Displays tags cloud box.";"Displays tags cloud box."

"Favorite Pages";"Favorite Pages"
"page_Favorite Pages";"Favorite Pages"
"Add Page To Favorites";"Add Page To Favorites"
"Displays the page's favorite pages";"Displays the page's favorite pages"

"Featured Pages Carousel";"Featured Pages Carousel"
"Wrong parameter set.";"Failed - wrong parameters. Please refresh page and try again."
"Pages does not exists.";"Page does not exist."
"Submitted by";"Submitted by"
"Page Type";"Page Type"
"Featured Pages";"Featured Pages"
"Most Popular Pages";"Most Popular Pages"
"Most Liked Pages";"Most Liked Pages"
"List";"List"
"Icons";"Icons"
"There is no location data";"There is no location data"
"Total Likes";"Total Likes"
"Sponsored";"Sponsored"
"updated";"updated"
"There was error.";"There was an error."
"More";"More"
"Changing to this layout will cause %s area(s) containing widgets to be destroyed. Are you sure you want to continue?";"Changing to this layout will cause %s area(s) containing widgets to be destroyed. Are you sure you want to continue?"
"Adds a container with a tab menu. Any other blocks you drop inside it will become tabs.";"Adds a container with a tab menu. Any other blocks you drop inside will become tabs."
"Page Links";"Page Links"
"Widgets";"Widgets"
"Edit Page";"Edit Page"
"delete link";"delete link"
"likes";"likes"
"Likes";"Likes"
"Likes, Admins and Owner";"Likes, Admins and Owner"
"Title *";"Title *"
"There are no content.";"There are no content."
"page_approved";"approved"
"page_not approved";"not approved"
"PAGE_PACKAGE_Add New Package";"Add New Package"
"PAGE_approved0";"approve"
"PAGE_approved1";"disapprove"
"PAGE_enabled0";"enable"
"PAGE_enabled1";"disable"
"PAGE_sponsored0";"set sponsored"
"PAGE_sponsored1";"set usual"
"PAGE_featured0";"set featured"
"PAGE_featured1";"set usual"
"PAGE_VIEWS_SCRIPTS_PACKAGE_CHOOSE_DESCRIPTION";"Please select the package which fits your Page needs and just click on `Continue` button to go ahead."
"PAGE_PACKAGE_CHOOSE_PAID";"You have already purchased these packages. Please just select one of these paid packages which fits your Page needs."
"PAGE_Available Options";"Available Options"
"PAGE_Subscribe Page";"Subscribe Page"
"PAGE_Subscribe Paid Page";"Subscribe Page"
"PAGE_Packages";"Packages"
"PAGE_Duration";"Duration"
"PAGE_Auto Approved";"Auto Approved"
"PAGE_Sponsored";"Sponsored"
"PAGE_Featured";"Featured"
"PAGE_Layout Editor";"Layout Editor"
"PAGE_Column Change";"Column Change"

"PAGE_FORM_GATEWAY_PAYPAL_DESCRIPTION";"Paypal Account Configuration: <br />
1) If you haven't already, you will need to establish a <a target=""_blank"" href=""%1$s"">Paypal account</a>.<br />
2) Enable <a target=""_blank"" href=""%1$s"">API access</a> on your Paypal account via: <em>My Account &gt; Profile &gt; API Access &gt; Request API credentials &gt; Request API Signature</em>.<br />
3) Insert the Paypal API <a target=""_blank"" href=""%1$s"">username, password, and signature</a> values into this form.<br />
4) Enable <a target=""_blank"" href=""%2$s"">Instant Payment Notifications</a> via: <em>My Account &gt; Profile &gt; Instant Payment Notification Preferences &gt; Choose IPN Settings</em>.  The <em>IPN messages</em> should be <strong>enabled</strong>, and the <em>Notification URL</em> should be set to:<br /><strong>%3$s</strong>"

"PAGE_page_featured0";"Not Featured"
"PAGE_page_featured1";"Featured"
"PAGE_page_approved0";"Not Approved"
"PAGE_page_approved1";"Approved"
"PAGE_page_sponsored0";"Not Sponsored"
"PAGE_page_sponsored1";"Sponsored"
"PAGE_Package";"Package"

"_EMAIL_PAGE_SUBSCRIPTION_ACTIVE_TITLE";"Page Subscription Activated"
"_EMAIL_PAGE_SUBSCRIPTION_ACTIVE_DESCRIPTION";"This is the email that gets sent to a member when their page subscription is activated"
"_EMAIL_PAGE_SUBSCRIPTION_ACTIVE_SUBJECT";"Your page subscription is now activate."
"_EMAIL_PAGE_SUBSCRIPTION_ACTIVE_BODY";"[header]

Thank you for subscribing your page to our social network! Your page subscription is now active.

[page_subscription_title]
[page_subscription_description]

You may follow the link below to sign in.

[object_link]

[footer]"

"_EMAIL_PAGE_SUBSCRIPTION_CANCELLED_TITLE";"Page Subscription Cancelled"
"_EMAIL_PAGE_SUBSCRIPTION_CANCELLED_DESCRIPTION";"This is the email that gets sent to a member when their page subscription is cancelled"
"_EMAIL_PAGE_SUBSCRIPTION_CANCELLED_SUBJECT";"Your page subscription has been cancelled."
"_EMAIL_PAGE_SUBSCRIPTION_CANCELLED_BODY";"[header]

Your page subscription has been cancelled.

[page_subscription_title]
[page_subscription_description]

Please follow the link below to renew your page subscription.

[object_link]

[footer]"

"_EMAIL_PAGE_SUBSCRIPTION_EXPIRED_TITLE";"Page Subscription Expired"
"_EMAIL_PAGE_SUBSCRIPTION_EXPIRED_DESCRIPTION";"This is the email that gets sent to a member when their page subscription expires."
"_EMAIL_PAGE_SUBSCRIPTION_EXPIRED_SUBJECT";"Your page subscription has expired."
"_EMAIL_PAGE_SUBSCRIPTION_EXPIRED_BODY";"[header]

Your page subscription has expired.

[page_subscription_title]
[page_subscription_description]

Please follow the link below to renew your page subscription.

[object_link]

[footer]"

"_EMAIL_PAGE_SUBSCRIPTION_OVERDUE_TITLE";"Page Subscription Overdue"
"_EMAIL_PAGE_SUBSCRIPTION_OVERDUE_DESCRIPTION";"This is the email that gets sent to a member when their page subscription is overdue."
"_EMAIL_PAGE_SUBSCRIPTION_OVERDUE_SUBJECT";"Your page subscription is overdue."
"_EMAIL_PAGE_SUBSCRIPTION_OVERDUE_BODY";"[header]

Your page subscription is overdue because of a failed or missed payment.

[page_subscription_title]
[page_subscription_description]

Please follow the link below to renew your page subscription.

[object_link]

[footer]"

"_EMAIL_PAGE_SUBSCRIPTION_PENDING_TITLE";"Page Subscription Pending"
"_EMAIL_PAGE_SUBSCRIPTION_PENDING_DESCRIPTION";"This is the email that gets sent to a member when their page subscription is pending."
"_EMAIL_PAGE_SUBSCRIPTION_PENDING_SUBJECT";"Your page subscription is pending."
"_EMAIL_PAGE_SUBSCRIPTION_PENDING_BODY";"[header]

Thank you for subscribing your page to our social network! Your page subscription
is pending, awaiting completion of the transaction. Your page subscription will be
activated soon; we will notify you by email when it is ready.
Thank you for your patience.

[page_subscription_title]
[page_subscription_description]

[footer]"

"_EMAIL_PAGE_SUBSCRIPTION_RECURRENCE_TITLE";"Page Subscription Payment Recurrence"
"_EMAIL_PAGE_SUBSCRIPTION_RECURRENCE_DESCRIPTION";"This is the email that gets sent to a member when they are billed for a recurring payment for their page subscription."
"_EMAIL_PAGE_SUBSCRIPTION_RECURRENCE_SUBJECT";"Your page subscription has been billed."
"_EMAIL_PAGE_SUBSCRIPTION_RECURRENCE_BODY";"[header]

Your page subscription has been billed. You should receive an email from the
payment gateway regarding this charge. Thank you for subscribing your page
to our social network.

[page_subscription_title]
[page_subscription_description]

You may follow the link below to sign in.

[object_link]

[footer]"

"_EMAIL_PAGE_SUBSCRIPTION_REFUNDED_TITLE";"Page Subscription Refunded"
"_EMAIL_PAGE_SUBSCRIPTION_REFUNDED_DESCRIPTION";"This is the email that gets sent to a member when their page subscription is refunded."
"_EMAIL_PAGE_SUBSCRIPTION_REFUNDED_SUBJECT";"Your page subscription has been refunded."
"_EMAIL_PAGE_SUBSCRIPTION_REFUNDED_BODY";"[header]

Your page subscription has been refunded and is no longer active.

[page_subscription_title]
[page_subscription_description]

You may follow the link below to sign in.

[object_link]

[footer]"

"This is a list all packages. Use form to filter packages.";"Below you can view a list of available packages which are used by members on page creation process."
"PAGE_VIEWS_ADMIN_SUBSCRIPTION_INDEX_DESCRIPTION";"Browse and manage page subscriptions. The search box will look through page name, package, etc."
"STORE_PAGE_NEW_PRODUCT_DESCRIPTION_FORM";"Please provide detailed and clear information about your product. Your product will be available for your customers instantly."
"PAGE_Auto Approved_DESC";"Your page will be approved automatically and available for visitors instantly. Otherwise our staff member will check and approve your page manually."
"PAGE_Sponsored_DESC";"Your page is sponsored and highlighted in Pages Directory and advertised throughout our social network."
"PAGE_Featured_DESC";"Your page is featured and highlighted in Pages Directory and advertised throughout our social network."
"PAGE_Layout Editor_DESC";"You can customize look and feel of your page using our powerful Layout Editor."
"PAGE_Column Change_DESC";"You can customize columns of your page."
"Album_DESC";"Upload photos and create nice slideshows."
"Blog_DESC";"Create and publish your page blog."
"Discussion_DESC";"Place where your page fans can discuss and share topics."
"Documents_DESC";"Allows you to upload and share documents files from your computer in many supported file formats"
"Event_DESC";"Plan your page's events, invite your fans and discuss about the event."
"Music_DESC";"Upload your page's music and let your fans to listen and share."
"Video_DESC";"Submit youtube/vimeo and computer videos, let your fans to play and discuss."
"Contact_DESC";"Allows your visitors to easily contact you and send their questions, suggestions, business requests, etc"
"Rate_DESC";"Allows your fans to leave reviews for your page."
"Store_DESC";"Social e-Commerce feature allows you to sell your products and services, advertise throughout our social network."
"FAQ_DESC";"Allows you to create FAQ section on your page"
"PAGE_Change Package";"Change Package"
"PAGE_Your page does not have a package";"Your page does not have a package"
"PAGE_Upgrade";"Upgrade"
"PAGE_Edit your Store Settings - enable your api credentials to be able to sell your products etc.";"Add new products, edit details of existing products, enter your PayPal email to receive payments."
"PACKAGE_EDIT_TITLE";"Edit Package"
"PACKAGE_EDIT_DESC";"Edit your package details in the form below. Please note that changes aren't apply to pages which already subscribed to this package."
"PAGE_View your Store Statistics - check out the transactions to your store, view your products statistics etc.";"View your Store Statistics - check out your store transactions, view statistics per products, etc."
"MAKE_PACKAGE_DEFAULT_DESC";"Are you sure you want to assign the package <b>'%s'</b> as a Default? <br />All new and downgraded pages will be automatically subscribed to this package."
"DELETE_PAGE_PACKAGE_DESC";"Are you sure you want to delete the package <b>'%s'</b> ? <br />All pages subscribed to this package will be automatically downgraded to the default package."
"ADMIN_ACTIVITY_TYPE_PAGE_TOPIC_CREATE";"When someone creates a topic in Page"
"ADMIN_ACTIVITY_TYPE_PAGE_TOPIC_REPLY";"When someone replies in a topic in Page"

"Permission Settings";"Permissions"
"Page Widgets";"Page Widgets"
"Video Settings";"Video Settings"
"Default Layout Editor";"Default Layout"
"Page Subscriptions";"Subscriptions"
"Page Transactions";"Transactions"
"View Pages";"View Pages"
"No, do not allow create pages.";"No, do not allow create pages."
"Yes, allow create pages.";"Yes, allow create pages."
"No, do not allow edit columns.";"No, do not allow edit columns."
"Yes, allow edit columns.";"Yes, allow edit columns."
"No, do not allow layout editor.";"No, do not allow layout editor."
"Yes, allow layout editor.";"Yes, allow layout editor."
"Blog";"Blog"
"Discussion";"Discussion"
"Rate";"Rate"
"Registered";"Registered"
"Permission Mode";"Permission Mode"
"Member Level Mode";"Member Level Mode"
"Package Mode";"Package Mode"
"Your members can choose from any of the features/apps checked below when they decide who can use its on their pages.";"Your members can choose from any of the features/apps checked below when they decide who can use its on their pages."
"Page Features Privacy";"Page Features Privacy"
"How many videos will be shown per page? (Enter a number between 1 and 999)";"How many videos will be shown per page? (Enter a number between 1 and 999)"
"Missing Package";"Missing Package"
"PAGE_VIEWS_ADMIN_TRANSACTIONS_INDEX_DESCRIPTION";"Below you can view list of transactions for Page Subscriptions."
"Related Subscription";"Related Subscription"
"New plugin ""%1$s"" has been installed. You can find it in %2$s";"New plugin ""%1$s"" has been installed. You can find it in %2$s"
"Fields";"Fields"
"Not Featured";"Not Featured"
"Registered Members";"Registered Members"
"View All Results";"View All Results"
"There is no items matching your criteria.";"There are no items matching your criteria."
"Advanced Search - double click in input";"Advanced Search - double click in input"
"PAGE_Page Wall";"Page Wall"
"You cannot delete this member";"You cannot delete this member"
"Member has been deleted.";"Member has been deleted."
"{item:$subject} has added you on page {item:$object:$label} as Admin.";"{item:$subject} has added you on page {item:$object:$label} as Admin."
"{item:$subject} has deleted you from page {item:$object:$label}.";"{item:$subject} has deleted you from page {item:$object:$label}."
"ACTIVITY_TYPE_PAGE_ADD_ADMIN";"When someone adds you to a page team."
"ACTIVITY_TYPE_PAGE_DELETE_ADMIN";"When someone removes you from a page team."
"ACTIVITY_TYPE_POST_PAGE";"When someone posts things on feed on my page."
"ACTIVITY_TYPE_PAGE_LIKE";"When someone likes my page."
"Browse Pages";"Browse Pages"
"HE_Browse Pages";"Browse Pages"
"Recent Pages";"Recent Pages"
"PAGE_All Categories";"All Categories"
"Page Categories";"Categories"
"PAGE_All Locations";"All Locations"
"Page Locations";"Locations"
"Page Tags";"Popular Tags"
"page_Manage";"Manage"
"Sponsored Pages";"Sponsored Pages"
"Print Page";"Print Page"
"Sponsored Pages Carousel";"Sponsored Pages Carousel"
"Basic Information";"Basic Information"
"Manage Team";"Manage Team"
"Edit Layout";"Edit Layout"
"Manage Package";"Manage Package"
"Apps";"Apps"
"Edit Basic Information";"Edit Page Information"
"Change Photo";"Change Photo"
"Image has been successfully processed.";"Image has been successfully processed."
"Do you want to delete page photo? Doing so will set your photo back to the default photo.";"Do you want to delete page photo? Doing so will set your photo back to the default photo."
"Your photo has been deleted.";"Your photo has been deleted."
"delete photo";"delete photo"
"Map Overlay";"Map Overlay"
"Back to Dashboard";"Back to Dashboard"
"PAGE_ABC_All";"All"
"PAGE_ABC_Num";"#"
"Contacts";"Contacts"
"Promote";"Promote"
"Send Update";"Send Update"
"Expiration";"Expiration"
"Never";"Never"
"{item:$subject} likes your page {item:$object:$label}.";"{item:$subject} likes your page {item:$object:$label}."
"Page Abc symbols";"Alphabetic Filter Symbols"
"PAGE_SETTING_ABC";"Please enter here symbols(separated by commas) which should be included and displayed for alphabetical filtering on Browse Pages."
"PAGE_ADMIN_default layout editor";"As soon as new page is created it is pre-filled with basic set of widgets and layout columns according to Default Layout. Here you can customize look and widgets position of the Default Layout. Please just select widgets from the right panel and drag&drop them on layout according to your needs. If you would like to add a custom HTML code then please use `HTML Block` widget.<br />
NOTE: that default layout editor is applied only to newly created pages and doesn't apply to existing   pages.<br />
Please make sure that the selected column structure works for installed extensions, some of our extensions(like Page-Albums) have minimum width requirement."
"PAGE_Store app description";"This app allows you to sell products and services within the social network. You're free to sell services, tangible and digital products, set supported shipping locations, provide discounts, etc.<br /> Please check the links below to go ahead."

"PAGE_Show map";"Show map"
"PAGE_Hide map";"Hide map"

"Check-Ins Profile Thumbnails";"Members Checked-in"
"Check-Ins";"Check-Ins"

"Manage Claims";"Claims"

"PAGE_Your database has old formatted %s records. You need to upgrade them. Please click %s";"Your database has old formatted %s records. You need to upgrade them. Please click %s"
"Upgrade";"Upgrade"
"PAGE_There are %s old records. Please wait ...";"There are %s old records. Please wait ..."
"Claimable Page Creators";"Claimable Page Creators"
"Page Claims";"Page Claims"
"Separate users with commas.";"Separate users with commas."
"Add Member";"Add Member"
"Page Claims Processes";"Page Claims"
"Are you sure you want to delete the selected claims?";"Are you sure you want to delete the selected claims?"
"PAGE_CLAIMABLE_PAGE_CREATORS_DESC";"Claim Page functionality allows to create page with successive opportunity to transfer rights over this Page to its rightholder. It protects your site from illegal creation of Pages that run counter to rights of ownership. Below you can list all members who can create claimable pages i.e. members whose main target is creation of such pages."
"PAGE_CLAIM_PROCESS_DESCRIPTION";"Browse claim requests below and accept, decline or put on hold them. Click on 'Take action' link in order to view more information about the claim and process further action."
"Claimer Name";"Claimer Name"
"Claimer Email";"Claimer Email"
"Claimed Date";"Claimed Date"
"Claimer Phone Number";"Claimer Phone Number"
"About Claimer and Page";"About Claimer and Page"
"Approve";"Approve"
"Declined";"Declined"
"status";"status"
"option";"option"
"view result";"view result"
"take action";"take action"
"Details";"Details"
"Below are the details of the claim request that was approved.";"This claim has been approved, please check details below."
"Below are the details of the claim request that was declined.";"This claim has been declined, please check details below."
"Take an Action";"Take an Action"
"Please take an appropriate action on the claim for this page: ";"Please check this claim details below and take an appropriate action: "
"After save this form, an email will be sent to this claimer stating the action taken by you.";"Claimer will be notified via email as soon as you approve or decline this claim."


"_EMAIL_PAGE_CLAIM_TITLE";"Page Claim Email"
"_EMAIL_PAGE_CLAIM_DESCRIPTION";"Page Claim Email"

"_PAGE_CLAIM_TERMS_OF_SERVICE";"<ol><li>Sending Claim request, you hearby assert that you are an owner or associate of the content that is presented on this page and have the express authority to own and/or manage the page on this site.</li><li>Administrator keeps the right to withdraw or move ownership rights of this page according to any reason including wrong presentation of information on this Page and not correct ownership identification.</li></ol>"
"PAGE_CLAIM_APPROVED";"Thank you for the claim. We've carefully checked and approved your claim. Please click the following link to view your page:"
"PAGE_CLAIM_DECLINED";"Thank you for the claim. Unfortunately we have to decline your claim for the following page:"

"_EMAIL_PAGE_CLAIM_SUBJECT";"Claiming a Page"
"_EMAIL_PAGE_CLAIM_BODY";"[header]
Hello [claimer_name],

""[message]""
[page]

[footer]"


"Claim a Page";"Claim a Page"
"Claim this Page";"Claim this Page"
"Start typing the name of the page, choose only one page";"Start typing the name of the page, choose only one page"
"Your Name";"Your Name"
"Your Email";"Your Email"
"Your Telephone";"Your Telephone"
"About You and the Page";"About You and the Page"
"Submit Notice";"Submit Notice"
"ClAIM_PAGE_DESC";"This form is to make a claim for a Page on this site in order to pretend your rights. Make sure that you own right over this page. Your request will be considered by Administrator."
"I have read and agree to the <a href='javascript:void(0);' onclick=window.open('%s','mywindow','width=500,height=300')>terms of service</a>.";"I have read and agree to the <a href='javascript:void(0);' onclick=window.open('%s','mywindow','width=500,height=300')>terms of service</a>."
"You have already claimed this page, your claim is under consideration of Administrator.";"You have already claimed this page, your claim is under consideration of Administrator."
"You have already claimed this page, your claim has been declined by Administrator.";"You have already claimed this page, your claim has been declined by Administrator."
"This page not found, please choose page from drop down choice list.";"This page not found, please choose page from drop down choice list."
"This page has not been found, please choose page from drop down choice list.";"This page has not been found, please choose page from drop down choice list."
"approximately %s %s"; "approximately %s %s"

"Advanced Search"; "Advanced Search"
"More options...";"More options..."
"More options";"More options"
"(within)";"(within)"
"Within";"Within"
"(address, city, state, or country)";"(address, city, state, or country)"
"(type in keywords, or page name)";"(type in keywords, or page name)"
"What";"What"
"My Location";"Search by Location"
"20 Miles";"20 Miles"
"50 Miles";"50 Miles"
"100 Miles";"100 Miles"
"250 Miles";"250 Miles"
"500 Miles";"500 Miles"
"750 Miles";"750 Miles"
"1000 Miles";"1000 Miles"

"label";"label"
"Default";"Default"
"Local Business";"Local Business"
"Automotive";"Automotive"
"Banking and Finance";"Banking and Finance"
"Bar";"Bar"
"Cafe";"Cafe"
"Club";"Club"
"Education";"Education"
"Event Planning Service";"Event Planning Service"
"Health and Beauty";"Health and Beauty"
"Hotel";"Hotel"
"Museum";"Museum"
"Real Estate";"Real Estate"
"Restaurent";"Restaurent"
"Store";"Store"
"Travel";"Travel"
"Public Figure""Public Figure"
"Actor";"Actor"
"Band";"Band"
"Model";"Model"
"Musician";"Musician"
"Sports Team";"Sports Team"
"Writer";"Writer"

"Street";"Street"
"This is the home page for members.";"This is the home page for members."
"Tabs";"Tabs"
"Displays the page's check-ins in detail in tab.";"Displays the page's check-ins in detail in tab."
"Check-Ins Tab";"Check-Ins Tab"
"Displays the page's links.";"Displays the page's links."
"Inserts any HTML of your choice.";"Inserts any HTML of your choice."
"Displays thumbnails of members who checked-in. Please put this widget on the right side.";"Displays thumbnails of members who checked-in. Please put this widget on the right side."
"Displays the page's likes, views. Statistics(graphic) - only team members are allowed to view.";"Displays the page's likes, views. Statistics(graphic) - only team members are allowed to view."


"Add Agree Terms";"Add Agree Terms"
"Edit Agree Terms";"Edit Agree Terms"
"terms of use";"terms of use"
"You must agree to the terms of use!";"You must agree to the terms of use!"
"You should choose profile type!";"You should choose profile type!"
"I have read and agree to the ";"I have read and agree to the "
"Agree";"Agree"
"Don't Agree";"Don't Agree"
"Recent";"Recent"
"%s people like it.";"%s people like it."
"%s person like it.";"%s person like it."
"No one like it yet.";"No one like it yet."
"Next &#187;";"Next &#187;"
"{item:$subject} has added you on page {item:$object:$label} as Employer.";"{item:$subject} has added you on page {item:$object:$label} as Employee."
"Are you sure you want to change page team type?";"Are you sure you want to change this member status in page team?"
"Change";"Change"
"Employer";"Employee"
"Employers";"Employees"
"Member has been changed.";"Member status has been changed."
"Change Page Team Type";"Change Member Status"


"PAGE_EDIT_TITLE";"Edit Basic Information"
"PAGE_EDIT_DESCRIPTION";"Add or edit information about your page."
"PAGE_PRIVACY_TITLE";"Configure Privacy"
"PAGE_PRIVACY_DESCRIPTION";"Configure your page privacy to set who can view page, post things, etc."
"PAGE_PHOTO_TITLE";"Upload Page Photo"
"PAGE_PHOTO_DESCRIPTION";"Add or change your page's photo."
"PAGE_TEAM_TITLE";"Add Admins and Employees to Team"
"PAGE_TEAM_DESCRIPTION";"Add admins and allow them moderate things in page, or just add employees who are just listed in your page team."
"PAGE_BADGE_TITLE";"Get Badge"
"PAGE_BADGE_DESCRIPTION";"Request a badge which perfectly fits your page and attract more visitors."
"PAGE_APPS_TITLE";"Page apps"
"PAGE_APPS_DESCRIPTION";"You Can See List of Applications which are available to your page"
"PAGE_LAYOUT_TITLE";"Edit Page Layout"
"PAGE_LAYOUT_DESCRIPTION";"Edit your page layout and change widgets position."
"PAGE_STATISTIC_TITLE";"Check Visitors Statistics"
"PAGE_STATISTIC_DESCRIPTION";"Check visitors statistics and geographic locations of visits."

"PAGE_CONTACT_TITLE";"Enable Contact Form"
"PAGE_CONTACT_DESCRIPTION";"Configure e-mail addresses using which visitors can contact you."
"PAGE_FAQ_TITLE";"Add FAQs"
"PAGE_FAQ_DESCRIPTION";"Add frequently asked questions, their answers and any helpful information."
"PAGE_STORE_TITLE";"Sell Products & Services"
"PAGE_STORE_DESCRIPTION";"Enable your store application, add products and start selling."
"PAGE_PROMOTE_TITLE";"Promote Page"
"PAGE_PROMOTE_DESCRIPTION";"Promote your page using social widgets which can be put on other websites and blogs."
"PAGE_UPDATE_TITLE";"Send Announcement"
"PAGE_UPDATE_DESCRIPTION";"Send announcement about latest news, plans and promotions to members who liked your page."
"PAGE_INVITE_TITLE";"Invite Friends"
"PAGE_INVITE_DESCRIPTION";"Import your contacts from popular social networks and email services and invite to check your page."

"&nbsp;";"&nbsp;"
"Staff";"Staff"
"Get Started";"Get Started"
"Edit My Page >>";"Edit Page >>"
"My Page's Privacy >>";"Edit Privacy >>"
"My Page's Photo >>";"Change Photo >>"
"My Page's Team >>";"Manage Team >>"
"My Page's Badges >>";"Request Badge >>"
"My Page's contact >>";"Enable Contact Form >>"
"My Page's FAQ >>";"Add FAQs >>"
"My Store Product's >>";"Sell Products >>"
"Promote >>";"Promote Page >>"
"Seand Updates >>";"Send Announcement >>"
"Invite >>";"Invite Friends >>"
"My Page's Layout >>";"Edit Page Layout >>"
"My Page's Statistics >>";"Check Statistics >>"
"DEFAULT_PACKAGE_ENABLED_DESCRIPTION";"Use this when package mode is enabled. If enabled expired pages will be removed to default package and will be shown to users. If disabled expired pages will be removed to default package but users can not see the page and owners will be automatically redirected to package choose page."
"Map Mode";"Map Mode"
"Enable Default Package";"Enable Default Package"
"Choose which mode do you want to see in browse page by default";"Choose which mode do you want to see in browse page by default"
"Browse Mode";"Browse Mode"
"Unpackaged";"Unpackaged"
"Items Per Page";"Items Per Page"
"Submit";"Submit"
"Package";"Package"
"Owner only";"Owner only"
"Who can post photos?";"Who is allowed to upload photos in the page?"
"Page Album Posting Privacy";"Album Posting Privacy"
"Who can post blogs?";"Who is allowed to post blog posts in the page?"
"Page Blog Posting Privacy";"Blog Posting Privacy"
"Who can post discussions?";"Who is allowed to open discussion thread in the page?"
"Page Discussion Posting Privacy";"Discussion Posting Privacy"
"Who can post documents?";"Who is allowed to post documents in the page?"
"Page Document Posting Privacy";"Document Posting Privacy"
"Who can post events?";"Who is allowed to create events in the page?"
"Page Event Posting Privacy";"Event Posting Privacy"
"Who can post playlists?";"Who is allowed to upload music in the page?"
"Page Music Posting Privacy";"Music Posting Privacy"
"Who can post videos?";"Who is allowed to upload videos in the page?"
"Page Video Posting Privacy";"Video Posting Privacy"
"Who can post Store Products?";"Who is allowed to post products for sale in the page?"
"Store Posting Privacy";"Store Posting Privacy"
"SPONSORED";"SPONSORED"
"Url is Empty";"Url is Empty"
"Displays the page's staff list.";"Displays the page's staff list."
"Displays the page's reviews.";"Displays the page's reviews."
"Displays a form which allows to invite friends.";"Displays a form which allows to invite friends."
"Displays the page store products.";"Displays the page store products."
"Page Profile Check-Ins";"Page Profile Check-Ins"
"Page Badges Icons";"Page Badges Icons"
"Yes, do not display on mobile site.";"Yes, do not display on mobile site."
"No, display on mobile site.";"No, display on mobile site."
"Show sub menu at x containers.";"Show sub menu at x containers."
"Max Tab Count";"Max Tab Count"
"Hide on mobile site?";"Hide on mobile site?"
"Editing: Tab Container";"Editing: Tab Container"

"_EMAIL_PAGE_EXPIRED_TITLE";"Page Expired Email"
"_EMAIL_PAGE_EXPIRED_DESCRIPTION";"Send Email to the Owner of Expired Page"
"_EMAIL_PAGE_EXPIRED_SUBJECT";"Your Page Expired"
"PAGE_EXPIRED_MESSAGE";"Your Page have been expired and downgraded, please go to 'choose package' page and choose package for your page"
"_EMAIL_PAGE_EXPIRED_BODY";"[header]
Hello [owner_name],

""[message]""
[page]

[footer]"


"(number of items to show)";"(number of items to show)"
"Count";"Count"
"ACTIVITY_TYPE_PAGE_ADD_EMPLOYER";"When page owner adds some user as an employee to his/her page"
"PAGE_EDITOR_PROFILE_Standart";"Standart"
"PAGE_EDITOR_PROFILE_Timeline";"Timeline"
"PAGE_EDITOR_PROFILE_Timeline not converted";"Not converted!"
"Please wait...";"Please wait..."

"This is the browse page for pages";"Browse Pages"
"pagetitle-page-get-started-page";"Get Started"
"pagetitle-page-manage-index";"Manage Pages"
"pagetitle-page-edit-page";"Edit Page Information"
"pagetitle-page-privacy-page";"Configure Privacy"
"pagetitle-page-edit-photo-page";"Edit Page Photo"
"pagetitle-page-manage-admins-page";"Manage Page Team"
"change to employer";"change to employee"
"change to admin";"change to admin"
"pagetitle-page-badges-page";"Request Badge"
"pagetitle-page-index-editor";"Page Layout Editor"
"pagetitle-page-visitors-statistics";"Page Visitors Statistics"
"pagetitle-page-views-statistics";"Page Views Statistics"
"pagetitle-page-map-statistics";"Page Visitors by Locations"
"pagetitle-page-choose-package";"Choose Package"
"URL *";"URL *"
"Page Contacts";"Contact Details"
"Take Print";"Take Print"
"likes this";"likes this"
"category";"category"
"Your pages package is default package. Please change to another package to get more options";"Your pages package is default package. Please change to another package to get more options"
"Price";"Price"
"Map";"Map"
"Admin_Import_Title";"Import From CSV File"
"Admin_Import_Description";"Using this form you can import pages from any CSV file. It is enough to have a CSV file with records of pages you would like to import. Please make sure that your CSV file is in correct format.
If you would like to increase a speed of importing process you need to disable an adding of "Map Marker", in this case pages won't be displayed on map, also you can adding of activity of posts."
"PAGE_There are %s pages. Please wait ...";"It is importing the pages. Please wait ..."
"PAGE_All Pages have been imported";"All pages have been imported"
"PAGE_There is no pages or Sitepage module doesn\'t exsists";"There is no pages or Sitepage module doesn\'t exsists"
"There is no pages to import";"There are no pages to import"
"Import Pages";"Import Pages"
"Import From CSV File";"Import from CSV File"
"Import From Site Page";"Import from Directory/Pages plugin"
"ADMIN_ACTIVITY_TYPE_PAGE_COVER_PHOTO_UPDATE";"When a user uploads cover on timeline"
"_ACTIVITY_ACTIONTYPE_PAGE_COVER_PHOTO_UPDATE";"Cover photo is updated on page timeline"
"Admin_Import_Configure_Title";"Process of importing" 
"Admin_Import_Configure_Description";"At the left is shown the list of fields of Pages plugin, red fields are required for completion, at right columns with drop down options which are needed to be selected with accordance of meaning of your page"
"Choose Owner";"Please choose the owner for the imported pages, just start typing user name"
"File";"File"
"pagetitle-page-index-admin-import";"Import pages from CSV file"
"Owner *";"Owner *" 
"Category *";"Category *"
"pagetitle-page-sitepage-admin-import";"Import pages from Directory/Pages plugin"
"%s Pages have been imported";"%s Pages have been imported"
"Import From SitePage";"Import From Directory/Pages plugin"
"If you have pages in SitePage plugin, You can import them";"If you have pages in Directory/Pages plugin then you can import them to Pages plugin"
"There is %s pages, If you want to import pages, click %s";"There are %s pages, if you would like to import pages, click %s"
"Choose which unit do you want to use in \"Advanced Search\" and \"Browse Locations\" widgets";"Choose which unit do you want to use in \"Advanced Search\" and \"Browse Locations\" widgets"
"Preferred unit system for displaying distance";"Preferred unit system for displaying distance"
"Miles";"Miles"
"Km (Kilometers)";"Km (Kilometers)"
"Choose pages to add to favorites list";"Choose pages to add to favorites list"
"city";"city"
"Adv Search";"Adv Search"
"Set";"Set"
"Others";"Others"
"Add Category Set";"Add Category Set"

"SORT_PAGES_BY_ACTIVE_OFFERS_DESCRIPTION";"Pages with active offers will be major at displaying by priority than other pages on Browse Pages."
"Sort Pages By Active Offers";"Sort Pages By Active Offers"
"Page_Team_Add";"Add"
"PAGE_CATEGORIES_TIP";"To create new category go to \"Fields\" section and click on \"Add new Category\" button. <br /> For editing the name of category set please click on it's title."
"Seperator";"Seperator"
"Imported Files";"Imported Files"
"File Name";"File Name"
"Pages Imported";"Pages Imported"
"page_import_start_0";"start"
"page_import_start_1";"continue"
"pages_admin there is no files";"There is no files"
"Are you sure you want to delete the selected files?";"Are you sure you want to delete the selected files?"
"Creation Date";"Creation Date"

"PAGE_IMPORT_MARKER_DESC";"Generate marker of the page (coordinates on the map)"
"PAGE_IMPORT_MARKER_LABEL";"Map Marker"
"PAGE_IMPORT_ACTIVITY_DESC";"Generate ""page created"" activity post on Activity Feed"
"PAGE_IMPORT_ACTIVITY_LABEL";"Activity Post"
"PAGE_Page Style";"Page Style"
"If enabled, advertisements will be shown on left side of profile page. Page owners can't remove the widget.";"If enabled, advertisements will be shown on left side of profile page. Page owners can't remove the widget."
"Community Ads Integration with Pages Plugin (not Timeline)";"Community Ads Integration with Pages Plugin (not Timeline)"
"If you enable this feature, your members will be able to customize the colors and fonts of their pages by altering their CSS styles.";"If you enable this feature, your members will be able to customize the colors and fonts of their pages by altering their CSS styles."
"Add your own CSS code above to give your page profile a more personalized look.";"Add your own CSS code above to give your page profile a more personalized look."
"Display Browse Reviews";"Display Browse Reviews"
"If enabled, the last reviews of every page will be shown.";"If enabled, the last reviews of every page will be shown."
"There is no reviews";"There is no reviews"
"PAGE_Posted by";"Posted by"
"PAGE_%s comment";"%s comment";"%s comments"
"PAGE_%s like";"%s like";"%s likes"
"Page_Create_Own_Page";"Create a Page >>"
"{item:$subject} has posted on your {item:$object:$label:$action}.";"{item:$subject} has posted on your {item:$object:$label:$action}."
"Select";"Select"
"Duplicate Existing Page Type?";"Duplicate Existing Page Type?"
"Page";"Page"