"%s person check in here";"%s person check in here";"%s people check in here"
"Can not find the business.";"Can not find the business."
"Set featured successfully!";"Set featured successfully!"
"Unset sponsored successfully!";"Unset sponsored successfully!"
"Can not set featured this business";"Can not set featured this business"
"Business doesn't exists to delete";"Business doesn't exists to delete"
"Invalid request method";"Invalid request method"
"The selected business has been deleted.";"The selected business has been deleted."
"Your changes have been saved.";"Your changes have been saved."
"Package deleted.";"Package deleted."
"Announcement has been marked as read.";"Announcement has been marked as read."
"You don\'t have permission to delete this blog entry.";"You don\'t have permission to delete this blog entry."
"Blog entry has beed deleted";"Blog entry has beed deleted"
"close";"close"
"The selected business has been closed.";"The selected business has been closed."
"published";"published"
"The selected business has been published.";"The selected business has been published."
"Business";"Business"
"Are you sure you want to";"Are you sure you want to"
"this business?";"this business?"
"Please wait...";"Please wait..."
"Listing has beed deleted";"Listing has beed deleted"
"Contest has beed deleted";"Contest has beed deleted"
"Your business theme has been updated.";"Your business theme has been updated."
"Success!";"Success!"
"Cover doesn't exists or not authorized to delete";"Cover doesn't exists or not authorized to delete"
"Delete successfully!";"Delete successfully!"
"Added role successfully!";"Added role successfully!"
"Edited role successfully!";"Edited role successfully!"
"Deal has beed deleted";"Deal has beed deleted"
"Delete successfully.";"Delete successfully."
"Claim was successfully sent. Awaiting approval.";"Claim was successfully sent. Awaiting approval."
"Success...";"Success..."
"Feature business";"Feature business"
"Login as Business Successfully!";"Login as Business Successfully!"
" businesses";" businesses"
"Your message has been sent successfully.";"Your message has been sent successfully."
"proxy object does not found!.";"proxy object does not found!."
"reset proxy object %d - page id  %d";"reset proxy object %d - page id  %d"
"Your changes have been saved.";"Your changes have been saved."
"Title";"Title"
"Save";"Save"
"cancel";"cancel"
"Count";"Count"
"You don\'t have permission to delete this listing.";"You don\'t have permission to delete this listing."
"Listing has beed deleted'";"Listing has beed deleted'"
"Your invite request has been sent.";"Your invite request has been sent."
"Your invite request has been cancelled.";"Your invite request has been cancelled."
"Business joined";"Business joined"
"Business left";"Business left"
"You don\'t have permission to do this.";"You don\'t have permission to do this."
"Album Music has beed deleted";"Album Music has beed deleted"
"Please choose a photo to upload!";"Please choose a photo to upload!"
"%s photo";"%s photo";"%s photos"
"Max file size limit exceeded (probably).";"Max file size limit exceeded (probably)."
"No file";"No file"
"Invalid Upload";"Invalid Upload"
"An error occurred.";"An error occurred."
"Changes saved";"Changes saved"
"Not a valid photo";"Not a valid photo"
"This user has reached the limit of businesses. Please choose another user.";"This user has reached the limit of businesses. Please choose another user."
"Cannot find this user.";"Cannot find this user."
"Post deleted.";"Post deleted."
"You don\'t have permission to add review to this business.";"You don\'t have permission to add review to this business."
"You have added a review already.";"You have added a review already."
"Your review has been created.";"Your review has been created."
"Review doesn't exists.";"Review doesn't exists."
"You don\'t have permission to edit this review.";"You don\'t have permission to edit this review."
"Business doesn't exists.";"Business doesn't exists."
"This review has been edited.";"This review has been edited."
"You don\'t have permission to delete this review.";"You don\'t have permission to delete this review."
"This review has been deleted.";"This review has been deleted."
"new topic";"new topic"
"This has been closed for posting.";"This has been closed for posting."
"Topic renamed.";"Topic renamed."
"Topic deleted.";"Topic deleted."
"Error!";"Error!"
"Body";"Body"
"Post Announcement";"Post Announcement"
"Edit Announcement";"Edit Announcement"
"Search Blogs";"Search Blogs"
"Browse By";"Browse By"
"Most Recent";"Most Recent"
"Most Viewed";"Most Viewed"
"Search";"Search"
"Select Themes";"Select Themes"
"*Category";"*Category"
"*Business Name";"*Business Name"
"*Short Description";"*Short Description"
"Description";"Description"
"Include in search results?";"Include in search results?"
"Yes, include in search results.";"Yes, include in search results."
"No, hide from search results.";"No, hide from search results."
"Headquarter";"Headquarter"
"Approve members?";"Approve members?"
" When people try to join this business, should they be allowed ";" When people try to join this business, should they be allowed "
"to join immediately, or should they be forced to wait for approval?";"to join immediately, or should they be forced to wait for approval?"
"New members can join immediately.";"New members can join immediately."
"New members must be approved.";"New members must be approved."
"Size";"Size"
"Contact Information";"Contact Information"
"Phone";"Phone"
"Fax";"Fax"
"*Email";"*Email"
"Country";"Country"
"City";"City"
"Province";"Province"
"Zip Code";"Zip Code"
"Web Address";"Web Address"
"Logo";"Logo"
"Our Facebook";"Our Facebook"
"Our Twitter";"Our Twitter"
"Operating Hours";"Operating Hours"
"Monday";"Monday"
"Tuesday";"Tuesday"
"Wednesday";"Wednesday"
"Thursday";"Thursday"
"Friday";"Friday"
"Saturday";"Saturday"
"Sunday";"Sunday"
"Default Timezone";"Default Timezone"
"Additional Information";"Additional Information"
"Tags (Keywords)";"Tags (Keywords)"
"Preview";"Preview"
"Publish Business";"Publish Business"
"Save as Draft";"Save as Draft"
"Cancel";"Cancel"
"Search classifieds";"Search classifieds"
"Search Contests";"Search Contests"
"Featured Contests";"Featured Contests"
"Premium Contests";"Premium Contests"
"Ending Soon";"Ending Soon"
"Search events";"Search events"
"Search:";"Search:"
"List By:";"List By:"
"Start Time";"Start Time"
"Recently Created";"Recently Created"
"Most Popular";"Most Popular"
"Search Groupbuy deals";"Search Groupbuy deals"
"Most Recent Deals";"Most Recent Deals"
"Most rated Deals";"Most rated Deals"
"Search Listings";"Search Listings"
"Most Liked";"Most Liked"
"Most Discussed";"Most Discussed"
"Alphabetic";"Alphabetic"
"Search albums";"Search albums"
"All Members Albums";"All Members Albums"
"Only My Albums";"Only My Albums"
"View";"View"
"Most Play";"Most Play"
"Most Commented";"Most Commented"
"Select an existing role";"Select an existing role"
"Yes, allow member to ";"Yes, allow member to "
"No, do not allow";"No, do not allow"
"Save Changes";"Save Changes"
"Search videos";"Search videos"
"Highest Rated";"Highest Rated"
"Status";"Status"
"Location";"Location"
"Radius (mile)..";"Radius (mile).."
"Category";"Category"
"None";"None"
"Buy Business";"Buy Business"
"Buy Business from %s";"Buy Business from %s"
"Feature business";"Feature business"
"Allow business owner to manage pages";"Allow business owner to manage pages"
"Allow users to join Business";"Allow users to join Business"
"Allow users to share Business";"Allow users to share Business"
"Allow users to invite friends to Business";"Allow users to invite friends to Business"
"Allow business owner to add contact form";"Allow business owner to add contact form"
"Allow business owner to add more custom fields to his Business";"Allow business owner to add more custom fields to his Business"
"Allow business to have multiple admins";"Allow business to have multiple admins"
"new video";"new video"
"new music";"new music"
"new event";"new event"
"new blog";"new blog"
"new classified";"new classified"
"new group buy deal";"new group buy deal"
"new contest";"new contest"
"new listing";"new listing"
"new poll";"new poll"
"Delete Announcement?";"Delete Announcement?"
"Are you sure that you want to delete this announcement? It will not be recoverable after being deleted.";"Are you sure that you want to delete this announcement? It will not be recoverable after being deleted."
" or ";" or "
"Delete the selected announcements?";"Delete the selected announcements?"
"Are you sure that you want to delete the %s announcement? It will not be recoverable after being deleted.";"Are you sure that you want to delete the %s announcement? It will not be recoverable after being deleted.";"Are you sure that you want to delete the %s announcements? It will not be recoverable after being deleted."
"Please select an announcement to delete.";"Please select an announcement to delete."
"Manage Announcements";"Manage Announcements"
"Post New Announcement";"Post New Announcement"
"(%s announcement total)";"(%s announcements total)";"(%s announcements total)"
"ID";"ID"
"Title";"Title"
"Date";"Date"
"Options";"Options"
"edit";"edit"
"delete";"delete"
"&#187; Blog Entries";"&#187; Blog Entries"
"Create Blog Entry";"Create Blog Entry"
"by";"by"
"Edit Entry";"Edit Entry"
"Delete Entry";"Delete Entry"
"No blog entries have been created.";"No blog entries have been created."
"Start typing...";"Start typing..."
"Business Box Code";"Business Box Code"
"Options to show";"Options to show"
"Business Name";"Business Name"
"Business Short Description";"Business Short Description"
"Led Name";"Led Name"
"&#187; Classified Listings";"&#187; Classified Listings"
"Create New Listing";"Create New Listing"
"posted by";"posted by"
"Edit Listing";"Edit Listing"
"Delete Entry";"Delete Entry"
"No listings have been created.";"No listings have been created."
"Prev";"Prev"
"Next";"Next"
"comparison";"comparison"
"&#187; Contests";"&#187; Contests"
"Post New Contest";"Post New Contest"
"CLOSED";"CLOSED"
"FEATURE";"FEATURE"
"PREMIUM";"PREMIUM"
"ENDING SOON";"ENDING SOON"
"End";"End"
"%s year left";"%s year left";"%s years left"
"%s month left";"%s month left";"%s months left"
"%s day left";"%s day left";"%s days left"
"%s hour %s minute left";"%s hour %s minute left";"%s hours %s minutes left"
"Created by";"Created by"
"Unfollow";"Unfollow"
"Unfavorite";"Unfavorite"
"Edit";"Edit"
"Delete";"Delete"
"Participants";"Participants"
"Entries";"Entries"
"No contests have been created.";"No contests have been created."
"Cover photos";"Cover photos"
"Manage Member Roles";"Manage Member Roles"
"Add New Role";"Add New Role"
"Manage Modules";"Manage Modules"
"Here is place you can manage all your modules.";"Here is place you can manage all your modules."
"No modules available for this business.";"No modules available for this business."
"Current Package";"Current Package"
"Price:";"Price:"
" for %s day";" for %s day";" for %s days"
"Features Available:";"Features Available:"
"Modules Available:";"Modules Available:"
"Make payment";"Make payment"
"Your package is now expired. Please make payment to publish your business again";"Your package is now expired. Please make payment to publish your business again"
"before";"before"
"1 month";"1 month"
"1 week";"1 week"
"1 day";"1 day"
"Available packages";"Available packages"
"Price:";"Price:"
"Features Available:'";"Features Available:'"
"Modules Available:";"Modules Available:"
"Change Package";"Change Package"
"There are no available packages.";"There are no available packages."
"Statistics";"Statistics"
"Package";"Package"
"Price";"Price"
"Expiration Date";"Expiration Date"
"Approved At";"Approved At"
"Last Payment Date";"Last Payment Date"
"Feature Expiration Date";"Feature Expiration Date"
"Unspecified";"Unspecified"
"Reviews";"Reviews"
"Rating";"Rating"
"Members";"Members"
"Followers";"Followers"
"Liked";"Liked"
"Commented";"Commented"
"Shared";"Shared"
"Viewed";"Viewed"
"Pages";"Pages"
"Events";"Events"
"Photo Albums";"Photo Albums"
"Videos";"Videos"
"File Sharing";"File Sharing"
"Music Albums";"Music Albums"
"Blogs";"Blogs"
"Polls";"Polls"
"Discussions";"Discussions"
"Wiki";"Wiki"
"Classified";"Classified"
"Groupbuy";"Groupbuy"
"Contest";"Contest"
"Listings";"Listings"
"Jobs";"Jobs"
"Graph Statistics";"Graph Statistics"
"The filters below allow you to observe various metrics and their change over different time periods.";"The filters below allow you to observe various metrics and their change over different time periods."
"Reviews";"Reviews"
"Photos";"Photos"
"Videos";"Videos"
"Discussions";"Discussions"
"Discussions Posts";"Discussions Posts"
"&#187; Events";"&#187; Events"
"Create New Event";"Create New Event"
"%s guest";"%s guests"
"led by";"led by"
"There is no event found.";"There is no event found."
"No FAQs has been added.";"No FAQs has been added."
"&#187; Groupbuy deals";"&#187; Groupbuy deals"
"Post A New Deal";"Post A New Deal"
"posted by";"posted by"
"Bought";"Bought"
"Edit Deal";"Edit Deal"
"Delete Deal";"Delete Deal"
"No deals have been created.";"No deals have been created."
"Your businesses are reach limit. Please delete some businesses for creating new.";"Your businesses are reach limit. Please delete some businesses for creating new."
"Free";"Free"
"Category";"Category"
"Short description";"Short description"
"Business Size";"Business Size"
"Operating Hours";"Operating Hours"
"Founders";"Founders"
"Contact Information'";"Contact Information'"
"Phone";"Phone"
"Website";"Website"
"Email";"Email"
"Fax";"Fax"
"Locations";"Locations"
"Description";"Description"
"Reason for creating new business";"Reason for creating new business"
"For my personal purpose.";"For my personal purpose."
"For claiming.";"For claiming."
"Continue";"Continue"
"Can not found the location.";"Can not found the location."
"Get Direction";"Get Direction"
"Starting location";"Starting location"
"Enter a location";"Enter a location"
"Get current position";"Get current position"
"Destination";"Destination"
"Current location...";"Current location..."
"Browser doesn't support Geolocation";"Browser doesn't support Geolocation"
"Missing location from";"Missing location from"
"Missing location to";"Missing location to"
"Login as Business";"Login as Business"
"Select ""Switch"" below to use this site as a Business and interact with others as that Business.";"Select ""Switch"" below to use this site as a Business and interact with others as that Business."
"business";"business"
"business";"business";"businesses"
"businesses";"businesses"
"Reviews";"Reviews"
"Rating";"Rating"
"Members";"Members"
"Followers";"Followers"
"There are no businesses.";"There are no businesses."
"Expire";"Expire"
"Approved At";"Approved At"
"Package";"Package"
"Last Payment";"Last Payment"
"Payment Confirm";"Payment Confirm"
"You are about to subscribe to the item: %1$s";"You are about to subscribe to the item: %1$s"
"Are you sure you want to do this? You will be charged: %1$s Credits";"Are you sure you want to do this? You will be charged: %1$s Credits"
"Credits";"Credits"
"Subscribe";"Subscribe"
"Review Your Order";"Review Your Order"
"You have chosen %1s - %2s - Period %3s days";"You have chosen %1s - %2s - Period %3s days"
"Total cost: %s";"Total cost: %s"
"Select gateway to place order";"Select gateway to place order"
"Pay with";"Pay with"
" or '";" or '"
"Pay with Credit";"Pay with Credit"
"Print";"Print"
"Back";"Back"
"Logout of Business";"Logout of Business"
"Back to Business";"Back to Business"
"Private Page";"Private Page"
"You can't view this content. You can go back to your business page or logout of business account in oder to view this content.";"You can't view this content. You can go back to your business page or logout of business account in oder to view this content."
" - All unsaved changes to pages or widgets will be lost - ";" - All unsaved changes to pages or widgets will be lost - "
"Any unsaved changes will be lost. Are you sure you want to leave this page?";"Any unsaved changes will be lost. Are you sure you want to leave this page?"
"Your changes to this page have been saved.";"Your changes to this page have been saved."
"Changing to this layout will cause %s area(s) containing widgets to be destroyed. Are you sure you want to continue?";"Changing to this layout will cause %s area(s) containing widgets to be destroyed. Are you sure you want to continue?"
"Tab Container";"Tab Container"
"show on this page";"show on this page"
"hide on this page";"hide on this page"
"Are you sure you want to reset this page to default?";"Are you sure you want to reset this page to default?"
"Edit Profile Business Layout";"Edit Profile Business Layout"
"Save Changes";"Save Changes"
"Reset My Layout";"Reset My Layout"
"Page Block Placement";"Page Block Placement"
"Global Header";"Global Header"
"Missing widget: %s";"Missing widget: %s"
"An error has occurred.";"An error has occurred."
"Global Footer";"Global Footer"
"Main Content Area";"Main Content Area"
"Global Footer";"Global Footer"
"Drop things here to add them to the global footer.";"Drop things here to add them to the global footer."
"Note: Some blocks won't appear if you're not signed-in or if they don't belong on this page.";"Note: Some blocks won't appear if you're not signed-in or if they don't belong on this page."
"Available Blocks";"Available Blocks"
"Error: no values";"Error: no values"
"Error: This widget is locked";"Error: This widget is locked"
"&#187; Listings";"&#187; Listings"
"View more <span class="fa fa-arrow-right"></span> ";"View more <span class="fa fa-arrow-right"></span> "
"No listings have been created.";"No listings have been created."
"You have no friends you can invite.";"You have no friends you can invite."
"&#187; Albums Music";"&#187; Albums Music"
"Create Album";"Create Album"
"Edit Playlist";"Edit Playlist"
"Delete Playlist";"Delete Playlist"
"No albums music have been uploaded.";"No albums music have been uploaded."
"&#187; Photos";"&#187; Photos"
"Upload Photos";"Upload Photos"
"Are you sure you want to delete this photo?";"Are you sure you want to delete this photo?"
"ADD TAG";"ADD TAG"
"Type a tag or select a name from the list.";"Type a tag or select a name from the list."
"Photos";"Photos"
"Photo";"Photo"
"of";"of"
"By";"By"
"Tagged:";"Tagged:"
"Added";"Added"
"Add Tag";"Add Tag"
"Share";"Share"
"Report";"Report"
"Make Profile Photo";"Make Profile Photo"
"Add Review";"Add Review"
"Save";"Save"
" or ";" or "
"cancel";"cancel"
"Edit Review";"Edit Review"
"&#187; Discussions";"&#187; Discussions"
"reply";"reply"
"replies";"replies"
"Last Post";"Last Post"
"Discussions";"Discussions"
"Post Reply";"Post Reply"
"Watch Topic";"Watch Topic"
"Stop Watching Topic";"Stop Watching Topic"
"Make Sticky";"Make Sticky"
"Remove Sticky";"Remove Sticky"
"Close";"Close"
"Open";"Open"
"Rename";"Rename"
"This topic has been closed.";"This topic has been closed."
"Host";"Host"
"Member";"Member"
"Quote";"Quote"
"Payment Pending";"Payment Pending"
"Back to Basket";"Back to Basket"
"Payment Complete";"Payment Complete"
"Thank you! Your payment has ";"Thank you! Your payment has "
"Continue";"Continue"
"Payment half completed";"Payment half completed"
"Back to Home";"Back to Home"
"Our payment processor has notified ";"Our payment processor has notified "
"us that your payment could not be completed successfully. ";"us that your payment could not be completed successfully. "
"We suggest that you try again with another credit card ";"We suggest that you try again with another credit card "
"or funding source.";"or funding source."
"Pay with %1$s";"Pay with %1$s"
"&#187; Videos";"&#187; Videos"
"Create New Video";"Create New Video"
"There is no video found.";"There is no video found."
"%1$s video";"%1$s video"
"Edit Video";"Edit Video"
"Delete Video";"Delete Video"
"highlighted";"highlighted"
"Your video is in queue to be processed - you will be notified when it is ready to be viewed.";"Your video is in queue to be processed - you will be notified when it is ready to be viewed."
"Your video is currently being processed - you will be notified when it is ready to be viewed.";"Your video is currently being processed - you will be notified when it is ready to be viewed."
"Video conversion failed. Please try %1$suploading again%2$s.";"Video conversion failed. Please try %1$suploading again%2$s."
"Video conversion failed. Video format is not supported by FFMPEG. Please try %1$sagain%2$s.";"Video conversion failed. Video format is not supported by FFMPEG. Please try %1$sagain%2$s."
"Video conversion failed. Audio files are not supported. Please try %1$sagain%2$s.";"Video conversion failed. Audio files are not supported. Please try %1$sagain%2$s."
"Video conversion failed. You may be over the site upload limit.  Try %1$suploading%2$s a smaller file, or delete some files to free up space.";"Video conversion failed. You may be over the site upload limit.  Try %1$suploading%2$s a smaller file, or delete some files to free up space."
"You do not have any videos.";"You do not have any videos."
"Header";"Header"
"Content";"Content"
"featured";"featured"
"No reviews. Be the first!";"No reviews. Be the first!"
"Write a review";"Write a review"
"Add to compare";"Add to compare"
"Call us";"Call us"
"Website";"Website"
"Email";"Email"
"Loading...";"Loading..."
"Add Photos";"Add Photos"
"Clear List";"Clear List"
"Click to remove this entry.";"Click to remove this entry."
"Remove";"Remove"
"Can not found the location.";"Can not found the location."
"Location Title";"Location Title"
"Full Address";"Full Address"
"There are no businesses view on this map";"There are no businesses view on this map"
"Select Themes";"Select Themes"
"%1$s view";"%1$s view";"%1$s views"
"%1$s like";"%1$s like";"%1$s likes"
"%1$s comment";"%1$s comment";"%1$s comments"
"%1$s favorite";"%1$s favorite";"%1$s favorites"
"Created on";"Created on"
"by %s";"by %s"
"Phone Number";"Phone Number"
"Email";"Email"
"No locations available.";"No locations available."
"%s member";"%s member";"%s members"
"Call us:";"Call us:"
"No phone number available.";"No phone number available."
"%s review";"%s review";"%s reviews"
"at";"at"
"Visit us:";"Visit us:"
"No websites available.";"No websites available."
"See all sub-categories <i class='fa fa-angle-double-right'></i>";"See all sub-categories <i class='fa fa-angle-double-right'></i>"
"My Businesses";"My Businesses"
"My Claiming Businesses";"My Claiming Businesses"
"My Favourite Businesses";"My Favourite Businesses"
"My Following Business";"My Following Business"
"Mark this announcement?";"Mark this announcement?"
"Mark this announcement";"Mark this announcement"
"Create Blog Entry";"Create Blog Entry"
"Edit Entry";"Edit Entry"
"Delete Entry";"Delete Entry"
"Follow Business";"Follow Business"
"Un-follow Business";"Un-follow Business"
"Favourite Business";"Favourite Business"
"Un-favourite Business";"Un-favourite Business"
"Unlike This";"Unlike This"
"Like This";"Like This"
"Add to compare";"Add to compare"
"View All Events";"View All Events"
"%1$s member that matched the query ""%2$s"".";"%1$s member that matched the query ""%2$s"".";"%1$s members that matched the query ""%2$s""."
"Invited Users and User Waiting For Approval";"Invited Users and User Waiting For Approval"
"View all approved members";"View all approved members"
"Change Role";"Change Role"
"Waiting for approval";"Waiting for approval"
"Be Invited";"Be Invited"
"Approve Request";"Approve Request"
"Reject Request";"Reject Request"
"Cancel Membership Request";"Cancel Membership Request"
"Submit";"Submit"
"Download";"Download"
"View All Videos";"View All Videos"
"Compare";"Compare"
"Statistics";"Statistics"
"Edit Info";"Edit Info"
"Cover Photos";"Cover Photos"
"Manage Page";"Manage Page"
"Manage Member Roles";"Manage Member Roles"
"Member Role Settings";"Member Role Settings"
"Manage Anouncements";"Manage Anouncements"
"Manage Modules";"Manage Modules"
"Business Themes";"Business Themes"
"Packages";"Packages"
"Transfer Owner";"Transfer Owner"
"Login As Business";"Login As Business"
"Logout of Business";"Logout of Business"
"Categories";"Categories"
"Business Pages";"Business Pages"
"Show more";"Show more"
"Login as Business";"Login as Business"
"Manage Announcement";"Manage Announcement"
"Dash Board";"Dash Board"
"Open Business";"Open Business"
"Close Business";"Close Business"
"Delete Business";"Delete Business"
"Feature Business";"Feature Business"
"Make Payment";"Make Payment"
"Delete Claim";"Delete Claim"
"Join Business";"Join Business"
"Request Invite";"Request Invite"
"Leave Business";"Leave Business"
"Cancel Invite Request";"Cancel Invite Request"
"Accept Business Invite";"Accept Business Invite"
"Ignore Business Invite";"Ignore Business Invite"
"Share This Business";"Share This Business"
"Promote This Business";"Promote This Business"
"Invite Guests";"Invite Guests"
"Report this business";"Report this business"
"Message Owner";"Message Owner"
"Check-in Here";"Check-in Here"
"Are you sure you want to delete this announcement?";"Are you sure you want to delete this announcement?"
"Delete Announcement";"Delete Announcement"
"Please compose your new announcement below.";"Please compose your new announcement below."
"Post New Announcement";"Post New Announcement"
"Please modifiy your announcement below.";"Please modifiy your announcement below."
"Mark Announcement";"Mark Announcement"
"Are you sure you want to mark this announcement?";"Are you sure you want to mark this announcement?"
"Are you sure you want to delete this blog entry?";"Are you sure you want to delete this blog entry?"
"Delete Blog";"Delete Blog"
"Delete Blog Entry";"Delete Blog Entry"
"Search blogs";"Search blogs"
"Change Package";"Change Package"
"See";"See"
"All";"All"
"Cumulative";"Cumulative"
"Change in";"Change in"
"Type";"Type"
"Duration";"Duration"
"This week";"This week"
"This month";"This month"
"This year";"This year"
"Time Summary";"Time Summary"
"By Day";"By Day"
"By Week";"By Week"
"By Month";"By Month"
"By Year";"By Year"
"Are you sure you want to check in this business?";"Are you sure you want to check in this business?"
"Check-in This Business";"Check-in This Business"
"<i class='fa fa-paper-plane'></i> Claim business";"<i class='fa fa-paper-plane'></i> Claim business"
"Are you sure you want to claim this business?";"Are you sure you want to claim this business?"
"Claim Business";"Claim Business"
"Create New Business";"Create New Business"
"Delete Business";"Delete Business"
"Are you sure you want to delete this business?";"Are you sure you want to delete this business?"
"Delete Business";"Delete Business"
"Are you sure you want to delete this claim?";"Are you sure you want to delete this claim?"
"Delete Claim";"Delete Claim"
"How many days do you want to feature business?";"How many days do you want to feature business?"
"It costs ";"It costs "
" to feature business in 1 day";" to feature business in 1 day"
"Feature Business";"Feature Business"
"Feature";"Feature"
"Business Theme";"Business Theme"
"You can reselect your business theme anytime that you want";"You can reselect your business theme anytime that you want"
"Business Owner Transfer";"Business Owner Transfer"
"Are you sure that you want to transfer this business to one of site members? This business will not be yours anymore.";"Are you sure that you want to transfer this business to one of site members? This business will not be yours anymore."
"Member";"Member"
"Are you sure you want to delete this listing?";"Are you sure you want to delete this listing?"
"Delete Listing";"Delete Listing"
"Are you sure you want to delete this contest?";"Are you sure you want to delete this contest?"
"Delete Contest";"Delete Contest"
"Are you sure you want to delete this cover photo?";"Are you sure you want to delete this cover photo?"
"Delete Cover Photo";"Delete Cover Photo"
"Delete Photo";"Delete Photo"
"All My Events";"All My Events"
"Only Events I Lead";"Only Events I Lead"
"Search:";"Search:"
"Search events";"Search events"
"Are you sure you want to delete this deal?";"Are you sure you want to delete this deal?"
"Delete Deal";"Delete Deal"
"Are you sure you want to delete this listing?";"Are you sure you want to delete this listing?"
"Delete Listing";"Delete Listing"
"Are you sure you want to delete this ablum music?";"Are you sure you want to delete this ablum music?"
"Delete Music";"Delete Music"
"Delete Album Music";"Delete Album Music"
"Are you sure you want to delete this photo?";"Are you sure you want to delete this photo?"
"Delete Business Photo";"Delete Business Photo"
"Delete Photo";"Delete Photo"
"Description";"Description"
"Edit Business Photo";"Edit Business Photo"
"Add New Photos";"Add New Photos"
"Choose photos on your mobile to add to this album. (2MB maximum)";"Choose photos on your mobile to add to this album. (2MB maximum)"
"Photos";"Photos"
"Add more";"Add more"
"Send me notifications when other members reply to this topic.";"Send me notifications when other members reply to this topic."
"Reply";"Reply"
"Post Reply";"Post Reply"
"Are you sure you want to delete this post?";"Are you sure you want to delete this post?"
"Delete Post";"Delete Post"
"Edit Post";"Edit Post"
"Are you sure you want to delete this review?";"Are you sure you want to delete this review?"
"Delete Review";"Delete Review"
"Select to change role for the member";"Select to change role for the member"
"Roles";"Roles"
"Select an existing role";"Select an existing role"
"Are you sure you want to delete this role?";"Are you sure you want to delete this role?"
"Delete Role";"Delete Role"
"Edit Role";"Edit Role"
"Manage Role Settings";"Manage Role Settings"
"Select an existing role";"Select an existing role"
"Are you sure you want to delete this topic?";"Are you sure you want to delete this topic?"
"Delete Topic";"Delete Topic"
"Rename Topic";"Rename Topic"

"YNBUSINESSPAGES_ADMIN_CATEGORY_DESCRIPTION";"This page is where admin creates and organizes categories. Drag and Drop feature allows admin to easily change order of categories."
"YNBUSINESSPAGES_ADMIN_PACKAGE_LEVEL";"Select the Member Levels to which this Package should be available. Only users belonging to the selected Member Levels will be able to create business of this package."
"YNBUSINESSPAGES_ADMIN_PACKAGE_PRICE";"The amount to charge from business owner. Setting this to zero will make this a free package."
"YNBUSINESSPAGES_MANAGE_MEMBER_ROLES_DESCRIPTION";"This page is to manage all member roles. You can add as many roles as your need. Note that 2 roles Admin and Member are default and you can not delete them. All your new members are assigned role Member and you can change later."

# claim_success
"_EMAIL_YNBUSINESSPAGES_CLAIM_SUCCESS_TITLE";"Claim Business Successfully"
"_EMAIL_YNBUSINESSPAGES_CLAIM_SUCCESS_DESCRIPTION";"This is the email that gets sent to members who claim businesses successfully. Awaiting approval"
"_EMAIL_YNBUSINESSPAGES_CLAIM_SUCCESS_SUBJECT";"Claim Business Successfully"
"_EMAIL_YNBUSINESSPAGES_CLAIM_SUCCESS_BODY";"You have just requested for business <a href='[business_link]'>[business_name]</a> successfully. Awaiting approval. <br />
<a href='[website_link]'>[website_name]</a>"

# claim_approved
"_EMAIL_YNBUSINESSPAGES_CLAIM_APPROVED_TITLE";"Claim Approved"
"_EMAIL_YNBUSINESSPAGES_CLAIM_APPROVED_DESCRIPTION";"This is the email that gets sent to members whose claims are approved."
"_EMAIL_YNBUSINESSPAGES_CLAIM_APPROVED_SUBJECT";"Claim Approved"
"_EMAIL_YNBUSINESSPAGES_CLAIM_APPROVED_BODY";"Your claim request for business <a href='[business_link]'>[business_name]</a> has just been approved. <br />
<a href='[website_link]'>[website_name]</a>"

# business_approved
"_EMAIL_YNBUSINESSPAGES_BUSINESS_APPROVED_TITLE";"Business Approved"
"_EMAIL_YNBUSINESSPAGES_BUSINESS_APPROVED_DESCRIPTION";"This is the email that gets sent to members whose businesses are approved."
"_EMAIL_YNBUSINESSPAGES_BUSINESS_APPROVED_SUBJECT";"Business Approved"
"_EMAIL_YNBUSINESSPAGES_BUSINESS_APPROVED_BODY";"Your business <a href='[business_link]'>[business_name]</a> has just been approved. <br />
<a href='[website_link]'>[website_name]</a>"

# business_created
"_EMAIL_YNBUSINESSPAGES_BUSINESS_CREATED_TITLE";"Business Created"
"_EMAIL_YNBUSINESSPAGES_BUSINESS_CREATED_DESCRIPTION";"This is the email that gets sent to members whose businesses are created successfully."
"_EMAIL_YNBUSINESSPAGES_BUSINESS_CREATED_SUBJECT";"Business Created"
"_EMAIL_YNBUSINESSPAGES_BUSINESS_CREATED_BODY";"Your business <a href='[business_link]'>[business_name]</a> has just been created successfully. <br />
<a href='[website_link]'>[website_name]</a>"

# package_changed
"_EMAIL_YNBUSINESSPAGES_PACKAGE_CHANGED_TITLE";"Package Changed"
"_EMAIL_YNBUSINESSPAGES_PACKAGE_CHANGED_DESCRIPTION";"This is the email that gets sent to members whose businesses are belong to the changed package."
"_EMAIL_YNBUSINESSPAGES_PACKAGE_CHANGED_SUBJECT";"Package Changed"
"_EMAIL_YNBUSINESSPAGES_PACKAGE_CHANGED_BODY";"The package that your business <a href='[business_link]'>[business_name]</a> using has just been changed. <br />
<a href='[website_link]'>[website_name]</a>"

"YNBUSINESSPAGES_DASHBOARD_PACKAGE_DESC";"Here are list of available packages. You can change packages for your business any time you want. Please be noted that once you change package, all the settings of your business can be changed as well. Your business will be hidden from the listing until you make patment for new package successfully."
"YNBUSINESSPAGES_DASHBOARD_PACKAGE_WARNING";"Are you sure that you want to change package from %1s to %2s? Please be note that once you change package, all the settings of your business can be changed as well. Your business will be hidden from the listing until you make payment for new package successfully."
"YNBUSINESSPAGES_DASHBOARD_PACKAGE_MAKENEW";"Are you sure that you want to make payment on package %1s? Your business will be hidden from the listing until you make payment for new package successfully."
"YNBUSINESSPAGES_CLAIM_APPROVE_MESSAGE";"Business which you claimed before has just been approved. You can select one package and make payment in order to manage this Business."
"YNBUSINESSPAGES_CLAIM_PENDING_MESSAGE";"Business was claimed successfully. Please wait for approval."
"YNBUSINESSPAGES_CLAIM_DENIED_MESSAGE";"Business which you claimed before has just been denied. Please claim again."
"YNBUSINESSPAGES_ADMIN_CATEGORY_FIELD_DESCRIPTION";"Create profile questions that allow listings in this category to describe themselves. To reorder the profile questions, click on their names and drag them up or down."

"YNBUSINESSPAGES_FAQS_CREATE_DESCRIPTION";"Create a FAQ to display in FAQs page."
"YNBUSINESSPAGES_FAQS_EDIT_DESCRIPTION";"Edit a FAQ."
"YNBUSINESSPAGES_FAQ_MANAGE_DESCRIPTION";"FAQs are effective in helping member to understand how things work. This page allows you to add and manage FAQs."
"YNBUSINESSPAGES_SETTINGS_GLOBAL_DESCRIPTION";"General settings of Business Pages plugins. These settings affect all members in your community."
"YNBUSINESSPAGES_SETTINGS_LEVEL_DESCRIPTION";"There settings applied per member level basic. If certain actions are not allowed for certain member level, users of said member level aren't able to perform them. Start by selecting member level you want to modify, then adjust the settings for that level below according to your preferences."
"YNBUSINESSPAGES_CREATOR_MANAGE_DESCRIPTION";"Add members who will be allowed to add businesses for claiming."
"YNBUSINESSPAGES_COMPARISON_MANAGE_DESCRIPTION";"Select the information you want to use to compare businesses. You can add more headers to separate these information. You can also drag and drop information to re-order them."

"YNBUSINESSPAGES_ADMIN_CATEGORY_DESCRIPTION";"This page is where admin creates and organizes categories. Drag and Drop feature allows admin to easily change order of categories."
"YNBUSINESSPAGES_ADMIN_PACKAGE_LEVEL";"Select the Member Levels to which this Package should be available. Only users belonging to the selected Member Levels will be able to create business of this package."
"YNBUSINESSPAGES_ADMIN_PACKAGE_PRICE";"The amount to charge from business owner. Setting this to zero will make this a free package."
"&#187; Discussions";"&#187; Discussions"
"Discussions";"Discussions"
"Reply";"Reply"
"Body";"Body"
"Delete Post";"Delete Post"
"Are you sure you want to delete this post?";"Are you sure you want to delete this post?"
"Edit Post";"Edit Post"
"Post Discussion Topic";"Post Discussion Topic"
"You can't view this content. You can go back to your business page or logout of business account in oder to view this content.";"You can't view this content. You can go back to your business page or logout of business account in oder to view this content."
"Back to Business";"Back to Business"
"Logout of Business";"Logout of Business"
"Your businesses are reach limit. Please delete some businesses for creating new.";"Your businesses are reach limit. Please delete some businesses for creating new."
"YNCREDIT_MODULE_YNBUSINESSPAGES";"Business Pages"
"YNCREDIT_ACTION_TYPE_YNBUSINESSPAGES_NEW";"Create Business"

"ADMIN_ACTIVITY_TYPE_YNBUSINESSPAGES_VIDEO_CREATE";"When a user (subject) adds a video to a business (object)."
"_ACTIVITY_ACTIONTYPE_YNBUSINESSPAGES_VIDEO_CREATE";"Adding a video to a business"
"_EMAIL_NOTIFY_YNBUSINESSPAGES_BUSINESS_APPROVED_BODY;[header]

The business ""[object_title]"" has just been approved.

Please click the following link to view it:

http://[host][object_link]

# notify_ynbusinesspages_business_featured
_EMAIL_NOTIFY_YNBUSINESSPAGES_BUSINESS_FEATURED_TITLE;Business Featured"
"ACTIVITY_TYPE_YNBUSINESSPAGES_VIDEO_CREATE";"When someone adds a video to a business."

"ADMIN_ACTIVITY_TYPE_YNBUSINESSPAGES_MUSIC_CREATE";"When a user (subject) adds a music playlist to a business (object)."
"_ACTIVITY_ACTIONTYPE_YNBUSINESSPAGES_MUSIC_CREATE";"Adding a music playlist to a business"
"ACTIVITY_TYPE_YNBUSINESSPAGES_MUSIC_CREATE";"When someone adds a music playlist to a business."

"ADMIN_ACTIVITY_TYPE_YNBUSINESSPAGES_MP3MUSIC_CREATE";"When a user (subject) adds a mp3music album to a business (object)."
"_ACTIVITY_ACTIONTYPE_YNBUSINESSPAGES_MP3MUSIC_CREATE";"Adding a mp3music album to a business"
"ACTIVITY_TYPE_YNBUSINESSPAGES_MP3MUSIC_CREATE";"When someone adds a mp3music album to a business."

"ADMIN_ACTIVITY_TYPE_YNBUSINESSPAGES_EVENT_CREATE";"When a user (subject) adds an event to a business (object)."
"_ACTIVITY_ACTIONTYPE_YNBUSINESSPAGES_EVENT_CREATE";"Adding an event to a business"
"ACTIVITY_TYPE_YNBUSINESSPAGES_EVENT_CREATE";"When someone adds an event to a business."

"ADMIN_ACTIVITY_TYPE_YNBUSINESSPAGES_BLOG_CREATE";"When a user (subject) adds a blog entry to a business (object)."
"_ACTIVITY_ACTIONTYPE_YNBUSINESSPAGES_BLOG_CREATE";"Adding a blog entry to a business"
"ACTIVITY_TYPE_YNBUSINESSPAGES_BLOG_CREATE";"When someone adds a blog entry to a business."

"ADMIN_ACTIVITY_TYPE_YNBUSINESSPAGES_BLOG_CREATE";"When a user (subject) adds a blog to a business (object)."
"_ACTIVITY_ACTIONTYPE_YNBUSINESSPAGES_BLOG_CREATE";"Adding a blog to a business"
"ACTIVITY_TYPE_YNBUSINESSPAGES_BLOG_CREATE";"When someone adds a blog to a business."

"ADMIN_ACTIVITY_TYPE_YNBUSINESSPAGES_CLASSIFIED_CREATE";"When a user (subject) adds a classified listing to a business (object)."
"_ACTIVITY_ACTIONTYPE_YNBUSINESSPAGES_CLASSIFIED_CREATE";"Adding a classified listing to a business"
"ACTIVITY_TYPE_YNBUSINESSPAGES_CLASSIFIED_CREATE";"When someone adds a classified listing to a business."

"ADMIN_ACTIVITY_TYPE_YNBUSINESSPAGES_DEAL_CREATE";"When a user (subject) adds a deal to a business (object)."
"_ACTIVITY_ACTIONTYPE_YNBUSINESSPAGES_DEAL_CREATE";"Adding a deal to a business"
"ACTIVITY_TYPE_YNBUSINESSPAGES_DEAL_CREATE";"When someone adds a deal to a business."

"ADMIN_ACTIVITY_TYPE_YNBUSINESSPAGES_CONTEST_CREATE";"When a user (subject) adds a contest to a business (object)."
"_ACTIVITY_ACTIONTYPE_YNBUSINESSPAGES_CONTEST_CREATE";"Adding a contest to a business"
"ACTIVITY_TYPE_YNBUSINESSPAGES_CONTEST_CREATE";"When someone adds a contest to a business."

"ADMIN_ACTIVITY_TYPE_YNBUSINESSPAGES_LISTING_CREATE";"When a user (subject) adds a listing to a business (object)."
"_ACTIVITY_ACTIONTYPE_YNBUSINESSPAGES_LISTING_CREATE";"Adding a listing to a business"
"ACTIVITY_TYPE_YNBUSINESSPAGES_LISTING_CREATE";"When someone adds a listing to a business."

"ADMIN_ACTIVITY_TYPE_YNBUSINESSPAGES_POLL_CREATE";"When a user (subject) adds a poll to a business (object)."
"_ACTIVITY_ACTIONTYPE_YNBUSINESSPAGES_POLL_CREATE";"Adding a poll to a business"
"ACTIVITY_TYPE_YNBUSINESSPAGES_POLL_CREATE";"When someone adds a poll to a business."

"ADMIN_ACTIVITY_TYPE_YNBUSINESSPAGES_JOB_IMPORT";"When a user (subject) adds a job to a business (object)."
"_ACTIVITY_ACTIONTYPE_YNBUSINESSPAGES_JOB_IMPORT";"Adding a job to a business"
"ACTIVITY_TYPE_YNBUSINESSPAGES_JOB_IMPORT";"When someone adds a job to a business."

"ADMIN_ACTIVITY_TYPE_YNBUSINESSPAGES_FOLDER_CREATE";"When a user (subject) adds a folder to a business (object)."
"_ACTIVITY_ACTIONTYPE_YNBUSINESSPAGES_FOLDER_CREATE";"Adding a folder to a business"
"ACTIVITY_TYPE_YNBUSINESSPAGES_FOLDER_CREATE";"When someone adds a folder to a business."

"ADMIN_ACTIVITY_TYPE_YNBUSINESSPAGES_PAGE_CREATE";"When a user (subject) adds a page to a business (object)."
"_ACTIVITY_ACTIONTYPE_YNBUSINESSPAGES_PAGE_CREATE";"Adding a page to a business"
"ACTIVITY_TYPE_YNBUSINESSPAGES_PAGE_CREATE";"When someone adds a page to a business."

"ADMIN_ACTIVITY_TYPE_YNBUSINESSPAGES_YNMUSIC_ALBUM_CREATE";"When a user (subject) adds a social music album to a business (object)."
"_ACTIVITY_ACTIONTYPE_YNBUSINESSPAGES_YNMUSIC_ALBUM_CREATE";"Adding a social music album to a business"
"ACTIVITY_TYPE_YNBUSINESSPAGES_YNMUSIC_ALBUM_CREATE";"When someone adds a social music album to a business."

"ADMIN_ACTIVITY_TYPE_YNBUSINESSPAGES_YNMUSIC_SONGS_CREATE";"When a user (subject) adds some social music songs to a business (object)."
"_ACTIVITY_ACTIONTYPE_YNBUSINESSPAGES_YNMUSIC_SONGS_CREATE";"Adding some social music songs to a business"
"ACTIVITY_TYPE_YNBUSINESSPAGES_YNMUSIC_SONGS_CREATE";"When someone adds some social music songs to a business."

"ADMIN_ACTIVITY_TYPE_YNBUSINESSPAGES_BUSINESS_CREATE";"When a user (subject) create a business (object)."
"ACTIVITY_TYPE_YNBUSINESSPAGES_BUSINESS_CREATE";"When someone creates a business."

"ADMIN_ACTIVITY_TYPE_YNBUSINESSPAGES_JOIN";"When a user (subject) join a business (object)."
"ACTIVITY_TYPE_YNBUSINESSPAGES_JOIN";"When someone joins a business."

"ADMIN_ACTIVITY_TYPE_YNBUSINESSPAGES_REVIEW_CREATE";"When a user (subject) review a business (object)."
"ACTIVITY_TYPE_YNBUSINESSPAGES_REVIEW_CREATE";"When someone review a business."

"ADMIN_ACTIVITY_TYPE_YNBUSINESSPAGES_PHOTO_UPLOAD";"When a user (subject) uploads a photo to a business (object)."
"ADMIN_ACTIVITY_TYPE_YNBUSINESSPAGES_TOPIC_CREATE";"When a user (subject) creates a discussion topic to a business (object)."
"ADMIN_ACTIVITY_TYPE_YNBUSINESSPAGES_TOPIC_REPLY";"When a user (subject) replies to a business topic (object)."

"_ACTIVITY_ACTIONTYPE_YNBUSINESSPAGES_PHOTO_UPLOAD";"Uploading a photo to a business"
"_ACTIVITY_ACTIONTYPE_YNBUSINESSPAGES_TOPIC_CREATE";"Creating a business discussion topic"
"_ACTIVITY_ACTIONTYPE_YNBUSINESSPAGES_TOPIC_REPLY";"Replying to a business discussion topic"

"ACTIVITY_TYPE_YNBUSINESSPAGES_PHOTO_UPLOAD";"When someone uploads a photo to a business."
"ACTIVITY_TYPE_YNBUSINESSPAGES_TOPIC_CREATE";"When someone creates a new business topic."
"ACTIVITY_TYPE_YNBUSINESSPAGES_TOPIC_REPLY";"When someone replies to a business topic."

# notficationtypes
"ACTIVITY_TYPE_YNBUSINESSPAGES_DISCUSSION_REPLY";"When people reply to discussion topics that I've replied to."
"ACTIVITY_TYPE_YNBUSINESSPAGES_DISCUSSION_RESPONSE";"When people reply to discussion topics that I created."
"ACTIVITY_TYPE_YNBUSINESSPAGES_FOLLOW_BUSINESS";"When people add new item to a business that I've followed."

"The claim request for business {item:$object} has just been claimed successfully.";"The claim request for business {item:$object} has just been claimed successfully."
"{item:$subject} has added {var:$type} on a {item:$object} you followed.";"{item:$subject} has added {var:$type} on a {item:$object} you followed."

# action types
"{item:$subject} added {var:$count} photo(s).";"{item:$subject} added {var:$count} photo(s)."
"{item:$subject} replied to the topic: {body:$body}";"{item:$subject} replied to the topic: {body:$body}"
"{item:$subject} posted a new topic.";"{item:$subject} posted a new topic."
"{item:$subject} add a review for the business {item:$object}";"{item:$subject} add a review for the business {item:$object}"
"{item:$subject} create the business {item:$object}";"{item:$subject} create the business {item:$object}"
"{item:$subject} posted a new video.";"{item:$subject} posted a new video."
{item:$subject} replied to a {itemChild:$object:topic:$child_id} in the business {item:$object}: {body:$body};{item:$subject} replied to a {itemChild:$object:topic:$child_id} in the business {item:$object}: {body:$body}
"{item:$subject} created a new music playlist.";"{item:$subject} created a new music playlist."
"{item:$subject} created a new mp3music album.";"{item:$subject} created a new mp3music album."
"{item:$subject} created a new event.";"{item:$subject} created a new event."
"{item:$subject} wrote a new blog entry.";"{item:$subject} wrote a new blog entry."
"{item:$subject} posted a new classified listing.";"{item:$subject} posted a new classified listing."
"{item:$subject} created a new deal.";"{item:$subject} created a new deal."
"{item:$subject} posted a new contest.";"{item:$subject} posted a new contest."
"{item:$subject} posted a new listing.";"{item:$subject} posted a new listing."
"{item:$subject} posted a new poll.";"{item:$subject} posted a new poll."
"{item:$subject} added a new job.";"{item:$subject} added a new job."
{item:$subject} added a new video.;{item:$subject} added a new video.
"{item:$subject} posted a new folder.";"{item:$subject} posted a new folder."
"{item:$subject} has created a new wiki page.";"{item:$subject} has created a new wiki page."
{item:$subject} posted a {itemChild:$object:topic:$child_id} in the business {item:$object}: {body:$body};{item:$subject} posted a {itemChild:$object:topic:$child_id} in the business {item:$object}: {body:$body}

# business_created
"_EMAIL_YNBUSINESSPAGES_BUSINESS_CREATED_TITLE";"Business Created"
"_EMAIL_YNBUSINESSPAGES_BUSINESS_CREATED_DESCRIPTION";"This is the email that gets sent to members whose businesses are created successfully."
"_EMAIL_YNBUSINESSPAGES_BUSINESS_CREATED_SUBJECT";"Business Created"
"_EMAIL_YNBUSINESSPAGES_BUSINESS_CREATED_BODY";"Your business <a href='[business_link]'>[business_name]</a> has just been created successfully. <br />
<a href='[website_link]'>[website_name]</a>"

# notify_ynbusinesspages_discussion_reply
"_EMAIL_NOTIFY_YNBUSINESSPAGES_DISCUSSION_REPLY_TITLE";"Business Discussion Reply"
"_EMAIL_NOTIFY_YNBUSINESSPAGES_DISCUSSION_REPLY_DESCRIPTION";"This email is sent to the member when people reply to discussion topics that the member created."
"_EMAIL_NOTIFY_YNBUSINESSPAGES_DISCUSSION_REPLY_SUBJECT";"A member has posted a reply to your topic ""[object_title]"" in the business ""[object_parent_title]"""
"_EMAIL_NOTIFY_YNBUSINESSPAGES_DISCUSSION_REPLY_BODY";"[header]

[sender_title] has posted a reply to your topic ""[object_title]"" in the business ""[object_title]"":

""[message]""

Please click the following link to view it:

http://[host][object_link]

[footer]"

# notify_ynbusinesspages_discussion_response
"_EMAIL_NOTIFY_YNBUSINESSPAGES_DISCUSSION_RESPONSE_TITLE";"Business Discussion Response"
"_EMAIL_NOTIFY_YNBUSINESSPAGES_DISCUSSION_RESPONSE_DESCRIPTION";"This email is sent to the member when people reply to discussion topics that the member replied to."
"_EMAIL_NOTIFY_YNBUSINESSPAGES_DISCUSSION_RESPONSE_SUBJECT";"A member has posted a reply to the topic ""[object_title]"" you replied to in the business ""[object_parent_title]"""
"_EMAIL_NOTIFY_YNBUSINESSPAGES_DISCUSSION_RESPONSE_BODY";"[header]

[sender_title] has posted a reply to the topic ""[object_title]"" you replied to in the business ""[object_parent_title]""":

""[message]""

Please click the following link to view it:

http://[host][object_link]

[footer]"

# notify_ynbusinesspages_follow_business
"_EMAIL_NOTIFY_YNBUSINESSPAGES_FOLLOW_BUSINESS_TITLE";"Following Business"
"_EMAIL_NOTIFY_YNBUSINESSPAGES_TRANSFER_OWNER_BODY";"[header]

The business ""[object_title]"" has just been transfered to you.

""[message]""
"
"_EMAIL_NOTIFY_YNBUSINESSPAGES_FOLLOW_BUSINESS_DESCRIPTION";"This email is sent to followers Business."
"_EMAIL_NOTIFY_YNBUSINESSPAGES_FOLLOW_BUSINESS_SUBJECT";"A member has added ""[object_title]"" to the business ""[object_parent_title]"" you followed"
"_EMAIL_NOTIFY_YNBUSINESSPAGES_FOLLOW_BUSINESS_BODY";"[header]

[sender_title] has added ""[object_title]"" to the business ""[object_parent_title]""":

""[message]""

Please click the following link to view it:

http://[host][object_link]

[footer]"

# notify_ynbusinesspages_claim_success
"_EMAIL_NOTIFY_YNBUSINESSPAGES_CLAIM_SUCCESS_TITLE";"Claim Business Successfully"
"_EMAIL_NOTIFY_YNBUSINESSPAGES_CLAIM_SUCCESS_DESCRIPTION";"This email is sent to Business Claimant."
"_EMAIL_NOTIFY_YNBUSINESSPAGES_CLAIM_SUCCESS_SUBJECT";"Claim Business ""[object_title]"" Successfully"
"_EMAIL_NOTIFY_YNBUSINESSPAGES_CLAIM_SUCCESS_BODY";"[header]

The claim request for business ""[object_title]"" has just been claimed successfully.

Please click the following link to view it:

http://[host][object_link]

[footer]"

# notify_ynbusinesspages_claim_approved
"_EMAIL_NOTIFY_YNBUSINESSPAGES_CLAIM_APPROVED_TITLE";"Business Claim Approved"
"_EMAIL_NOTIFY_YNBUSINESSPAGES_CLAIM_APPROVED_DESCRIPTION";"This email is sent to Business Claimant."
"_EMAIL_NOTIFY_YNBUSINESSPAGES_CLAIM_APPROVED_SUBJECT";"Business ""[object_title]"" Claim Approved"
"_EMAIL_NOTIFY_YNBUSINESSPAGES_CLAIM_APPROVED_BODY";"[header]

The claim request for business ""[object_title]"" has just been approved.

""[message]""

Please click the following link to view it:

http://[host][object_link]

[footer]"

# notify_ynbusinesspages_business_approved
"_EMAIL_NOTIFY_YNBUSINESSPAGES_BUSINESS_APPROVED_TITLE";"Business Approved"
"_EMAIL_NOTIFY_YNBUSINESSPAGES_BUSINESS_APPROVED_BODY;[header]

The business ""[object_title]"" has just been featured.

""[message]""

Please click the following link to view it:

http://[host][object_link]


# notify_ynbusinesspages_business_unfeatured
"_EMAIL_NOTIFY_YNBUSINESSPAGES_BUSINESS_UNFEATURED_TITLE";Business Unfeatured"
"_EMAIL_NOTIFY_YNBUSINESSPAGES_BUSINESS_UNFEATURED_DESCRIPTION";"This email is sent to Business Owner."
"_EMAIL_NOTIFY_YNBUSINESSPAGES_BUSINESS_UNFEATURED_SUBJECT";"Business ""[object_title]"" Unfeatured"
"_EMAIL_NOTIFY_YNBUSINESSPAGES_BUSINESS_UNFEATURED_BODY";"[header]

The business ""[object_title]"" has just been unfeatured.

""[message]""

Please click the following link to view it:

http://[host][object_link]

[footer]"

# notify_ynbusinesspages_business_featured
"_EMAIL_NOTIFY_YNBUSINESSPAGES_BUSINESS_FEATURED_TITLE";"Business Featured"
"_EMAIL_NOTIFY_YNBUSINESSPAGES_BUSINESS_UNFEATURED_BODY;[header]

The business ""[object_title]"" has just been featured.

""[message]""

Please click the following link to view it:

http://[host][object_link]

# notify_ynbusinesspages_transfer_owner
"_EMAIL_NOTIFY_YNBUSINESSPAGES_TRANSFER_OWNER_TITLE";Business Transfer Owner"
"_EMAIL_NOTIFY_YNBUSINESSPAGES_TRANSFER_OWNER_DESCRIPTION";"This email is sent to Business Owner."
"_EMAIL_NOTIFY_YNBUSINESSPAGES_TRANSFER_OWNER_SUBJECT";"Business ""[object_title]"" Transfer Owner""
"_EMAIL_NOTIFY_YNBUSINESSPAGES_TRANSFER_OWNER_BODY";"[header]

The business ""[object_title]"" owner has just been transfered.

""[message]""

Please click the following link to view it:

http://[host][object_link]

[footer]"


# notify_ynbusinesspages_business_unfeatured
"_EMAIL_NOTIFY_YNBUSINESSPAGES_BUSINESS_UNFEATURED_TITLE";"Business Unfeatured"
"_EMAIL_NOTIFY_YNBUSINESSPAGES_CLAIM_APPROVED_BODY;[header]

The claim request for business ""[object_title]"" has just been approved.

""[message]""

Please click the following link to view it:

http://[host][object_link]

# notify_ynbusinesspages_business_approved
"_EMAIL_NOTIFY_YNBUSINESSPAGES_BUSINESS_APPROVED_TITLE";Business Approved"
"_EMAIL_NOTIFY_YNBUSINESSPAGES_BUSINESS_APPROVED_DESCRIPTION";"This email is sent to Business Owner."
"_EMAIL_NOTIFY_YNBUSINESSPAGES_BUSINESS_APPROVED_SUBJECT";"Business ""[object_title]"" approved"
"_EMAIL_NOTIFY_YNBUSINESSPAGES_BUSINESS_APPROVED_BODY";"[header]

The business ""[object_title]"" has just been approved.

""[message]""

Please click the following link to view it:

http://[host][object_link]

[footer]"

# notify_ynbusinesspages_transfer_owner
"_EMAIL_NOTIFY_YNBUSINESSPAGES_TRANSFER_OWNER_TITLE";"Business Transfer Owner"
"_EMAIL_NOTIFY_YNBUSINESSPAGES_TRANSFER_OWNER_DESCRIPTION";"This email is sent to Business Owner."
"_EMAIL_NOTIFY_YNBUSINESSPAGES_TRANSFER_OWNER_SUBJECT";"Business ""[object_title]"" Transfer Owner"
"_EMAIL_NOTIFY_YNBUSINESSPAGES_TRANSFER_OWNER_BODY";"[header]

The business ""[object_title]"" has just been transfered to you.

""[message]""

[footer]"

# notify_ynbusinesspages_business_add_review
"_EMAIL_NOTIFY_YNBUSINESSPAGES_BUSINESS_ADD_REVIEW_TITLE";"Business Add Review"
"_EMAIL_NOTIFY_YNBUSINESSPAGES_BUSINESS_ADD_REVIEW_DESCRIPTION";"This email is sent to Business Owner when new review has been added."
"_EMAIL_NOTIFY_YNBUSINESSPAGES_BUSINESS_ADD_REVIEW_SUBJECT";"Business ""[object_title]"" Add Review"
"_EMAIL_NOTIFY_YNBUSINESSPAGES_BUSINESS_ADD_REVIEW_BODY";"[header]

The business ""[object_title]"" has a new review.

""[message]""

[footer]"

# notify_ynbusinesspages_business_expired
"_EMAIL_NOTIFY_YNBUSINESSPAGES_BUSINESS_EXPIRED_TITLE";"Business Expired"
"_EMAIL_NOTIFY_YNBUSINESSPAGES_BUSINESS_EXPIRED_DESCRIPTION";"This email is sent to Business Owner when business has expired."
"_EMAIL_NOTIFY_YNBUSINESSPAGES_BUSINESS_EXPIRED_SUBJECT";"Business ""[object_title]"" Expired"
"_EMAIL_NOTIFY_YNBUSINESSPAGES_BUSINESS_EXPIRED_BODY";"[header]

The business ""[object_title]"" has expired.

""[message]""

[footer]"

# notify_ynbusinesspages_business_never_expire
"_EMAIL_NOTIFY_YNBUSINESSPAGES_BUSINESS_NEVER_EXPIRE_TITLE";"Business Never Expire"
"_EMAIL_NOTIFY_YNBUSINESSPAGES_BUSINESS_NEVER_EXPIRE_DESCRIPTION";"This email is sent to Business Owner when business has been set to never expire."
"_EMAIL_NOTIFY_YNBUSINESSPAGES_BUSINESS_NEVER_EXPIRE_SUBJECT";"Business ""[object_title]"" Never Expire"
"_EMAIL_NOTIFY_YNBUSINESSPAGES_BUSINESS_NEVER_EXPIRE_BODY";"[header]

The business ""[object_title]"" has been set to never expire.

""[message]""

[footer]"

# notify_ynbusinesspages_business_unclaimed
"_EMAIL_NOTIFY_YNBUSINESSPAGES_BUSINESS_UNCLAIMED_TITLE";"Business Claim Expired"
"_EMAIL_NOTIFY_YNBUSINESSPAGES_BUSINESS_UNCLAIMED_DESCRIPTION";"This email is sent to Business Owner when claim business has expired."
"_EMAIL_NOTIFY_YNBUSINESSPAGES_BUSINESS_UNCLAIMED_SUBJECT";"Business ""[object_title]"" Claim Expired"
"_EMAIL_NOTIFY_YNBUSINESSPAGES_BUSINESS_UNCLAIMED_BODY";"[header]

The business ""[object_title]"" has just unclaimed.

""[message]""

[footer]"

# notify_ynbusinesspages_business_noticeexpired
"_EMAIL_NOTIFY_YNBUSINESSPAGES_BUSINESS_NOTICEEXPIRED_TITLE";"Business Expire Notice"
"_EMAIL_NOTIFY_YNBUSINESSPAGES_BUSINESS_NOTICEEXPIRED_DESCRIPTION";"This email is sent to Business Owner."
"_EMAIL_NOTIFY_YNBUSINESSPAGES_BUSINESS_NOTICEEXPIRED_SUBJECT";"Business ""[object_title]"" Expire Notice"
"_EMAIL_NOTIFY_YNBUSINESSPAGES_BUSINESS_NOTICEEXPIRED_BODY";"[header]

The business ""[object_title]"" will be expired in [time].

""[message]""

[footer]"

"Browse Businesses";"Browse Businesses"
"FAQs";"FAQs"
"Keyword";"Keyword"
"Search businesses...";"Search businesses..."
"Most Liked Businesses";"Most Liked Businesses"
"Most Viewed Businesses";"Most Viewed Businesses"
"Most Rated Businesses";"Most Rated Businesses"
"Recent Reviews";"Recent Reviews"
"Review for %1s";"Review for %1s"
"Businesses You May Like";"Businesses You May Like"
"Tags";"Tags"
"Businesses Listing";"Businesses Listing"
"Location:";"Location:"
"Write your review here...";"Write your review here..."
"Title here...";"Title here..."
"ynbusiness_found";"Business Found";"Businesses Found"
"Unknown";"Unknown"
"Create A Business";"Create A Business"
"Founder";"Founder"
"Separate tags with commas.";"Separate tags with commas."
"Alphabetical";"Alphabetical"
"Most Followed";"Most Followed"
"Most Reviewed";"Most Reviewed"
"Mp3Music Albums:";"Mp3Music Albums:"
"Filter";"Filter"
"Manage Contact Form";"Manage Contact Form"
"Previous";"Previous"
"Comments";"Comments"
"Mp3Music Albums";"Mp3Music Albums"
"Poll";"Poll"
"Wikis";"Wikis"
"Contests";"Contests"
"Shares";"Shares"
"Edit Business";"Edit Business"
"You can add maximum %s cover photo";"You can add maximum %s cover photo";"You can add maximum %s cover photos"
"Upload";"Upload"
"Edit Contact Form";"Edit Contact Form"
"Contact Description";"Contact Description"
"Manage Receiver";"Manage Receiver"
"Department";"Department"
"Custom Field Name";"Custom Field Name"
"Add Field";"Add Field"
"Single line text";"Single line text"
"Text area";"Text area"
"Checkbox";"Checkbox"
"Radio button";"Radio button"
"Required field";"Required field"
"Add";"Add"
"Edit Field";"Edit Field"
"Values";"Values"
"Add another option";"Add another option"
"Save changes";"Save changes"
"Delete Field";"Delete Field"
"Are you sure you want to delete this field?";"Are you sure you want to delete this field?"
"Delete Receiver";"Delete Receiver"
"Are you sure you want to delete this receiver?";"Are you sure you want to delete this receiver?"
"Add Receiver";"Add Receiver"
"Role Title";"Role Title"
"Admin";"Admin"
"Registered User";"Registered User"
"Non-Registered User";"Non-Registered User"
"View Business";"View Business"
"Comment Business";"Comment Business"
"Invite Member";"Invite Member"
"Approve Member";"Approve Member"
"Edit Album";"Edit Album"
"Delete Album To Business";"Delete Album To Business"
"Create Event";"Create Event"
"Edit Event";"Edit Event"
"Delete Event To Business";"Delete Event To Business"
"Create Poll";"Create Poll"
"Edit Poll";"Edit Poll"
"Delete Poll To Business";"Delete Poll To Business"
"Create Video";"Create Video"
"Delete Video To Business";"Delete Video To Business"
"Create Music";"Create Music"
"Edit Music";"Edit Music"
"Delete Music To Business";"Delete Music To Business"
"Create File";"Create File"
"Edit File";"Edit File"
"Delete File To Business";"Delete File To Business"
"Create Deal";"Create Deal"
"Delete Deal To Business";"Delete Deal To Business"
"Create Discussion";"Create Discussion"
"Edit Discussion";"Edit Discussion"
"Delete Discussion";"Delete Discussion"
"Create Listing";"Create Listing"
"Delete Listing To Business";"Delete Listing To Business"
"Create Blog";"Create Blog"
"Edit Blog";"Edit Blog"
"Delete Blog To Business";"Delete Blog To Business"
"Import Job";"Import Job"
"Edit Job";"Edit Job"
"Delete Job To Business";"Delete Job To Business"
"View Dashboard";"View Dashboard"
"Edit Business Information";"Edit Business Information"
"Manage Cover Photos";"Manage Cover Photos"
"Manage Pages";"Manage Pages"
"Configure Settings For Member Roles";"Configure Settings For Member Roles"
"Change Business Theme";"Change Business Theme"
"Update Package";"Update Package"
"Delete Selected";"Delete Selected"
"View members";"View members"
"View Photos";"View Photos"
"Add Event";"Add Event"
"View Events";"View Events"
"Add Video";"Add Video"
"View Videos";"View Videos"
"Add Poll";"Add Poll"
"View Polls";"View Polls"
"Add Music";"Add Music"
"View Music";"View Music"
"Add Mp3 Music";"Add Mp3 Music"
"View Mp3 Music";"View Mp3 Music"
"Add Discussion";"Add Discussion"
"View Discussions";"View Discussions"
"Add Folder";"Add Folder"
"Upload Files";"Upload Files"
"View Files";"View Files"
"Add Wiki";"Add Wiki"
"View Wikis";"View Wikis"
"Add Classified";"Add Classified"
"View Classified";"View Classified"
"Add GroupBuy";"Add GroupBuy"
"View GroupBuy";"View GroupBuy"
"Add Contest";"Add Contest"
"View Contest";"View Contest"
"Add Blog";"Add Blog"
"View Blogs";"View Blogs"
"Add Listing";"Add Listing"
"View Listings";"View Listings"
"Get Jobs";"Get Jobs"
"View Jobs";"View Jobs"
"Job Posting";"Job Posting"
"Group Buy";"Group Buy"
"Mp3 Music";"Mp3 Music"
"Music";"Music"
"Albums";"Albums"
"Select Theme";"Select Theme"
"It costs %s to feature business in 1 day";"It costs %s to feature business in 1 day"
"LOGIN_AS_BUSINESS_DESCRIPTON";"Please be noted that when log in as business, you have full permission on some items such as: photo, discussion, announcement, members, reviews, content pages and... You also can edit business, view statistics, change theme, manage page and buy package. However, some items will be restricted and you cannot view them in detail. They are blogs, videos, events, jobs, music, groupbuy, contest, classifieds and so on. All things you can do on them is adding new item and view listing."
"ynbusiness_member";"member";"members"
"ynbusiness_follower";"follower";"followers"
"ynbusiness_review";"review";"reviews"
"ynbusiness_like";"like";"likes"
"ynbusiness_video";"Video";"Videos"
"ynbusiness_event";"Event";"Events"
"ynbusiness_contest";"Contest";"Contests"
"ynbusiness_listing";"Listing";"Listings"
"ynbusiness_poll";"Poll";"Polls"
"Claim A Business";"Claim A Business"
"Claim a business";"Claim a business"
"Radius (mile)";"Radius (mile)"
"Get Directions";"Get Directions"
"Unclaimed";"Unclaimed"
"Claimed";"Claimed"
"Draft";"Draft"
"Pending";"Pending"
"Published";"Published"
"Closed";"Closed"
"Denied";"Denied"
"<i class=""fa fa-bookmark""></i> Unfavourite";"<i class=""fa fa-bookmark""></i> Unfavourite"
"<i class=""fa fa-arrow-right""></i> Unfollow";"<i class=""fa fa-arrow-right""></i> Unfollow"
"There are no following businesses.";"There are no following businesses."
"There are no favourite businesses.";"There are no favourite businesses."
"When people try to join this business, should they be allowed to join immediately, or should they be forced to wait for approval?";"When people try to join this business, should they be allowed to join immediately, or should they be forced to wait for approval?"
"Current Balance";"Current Balance"
"Pay with Credit!";"Pay with Credit!"
"No videos have been added in this business yet.";"No videos have been added in this business yet."
"No photos have been uploaded to this business yet.";"No photos have been uploaded to this business yet."
"Overview";"Overview"
"Select Photo";"Select Photo"
"Renewal Notification";"Renewal Notification"
"There is no folders and files founded.";"There is no folders and files founded."
"There is no folders and files. Please <a href=""%s"">create</a> one!";"There is no folders and files. Please <a href=""%s"">create</a> one!"
"Create a new folder";"Create a new folder"
"Files";"Files"
"Musics";"Musics"
"Mp3Musics";"Mp3Musics"
"Classifieds";"Classifieds"
"Groupbuys";"Groupbuys"
"No reviews have been posted in this business yet.";"No reviews have been posted in this business yet."
"Write a Review";"Write a Review"
"No events have been added to this business yet.";"No events have been added to this business yet."
"No playlists have been uploaded.";"No playlists have been uploaded."
"Create Playlist";"Create Playlist"
"No albums have been uploaded.";"No albums have been uploaded."
"No polls have been created.";"No polls have been created."
"Create New Poll";"Create New Poll"
"Create New Poll";"Create New Poll"
"No polls have been created.";"No polls have been created."
"Create New Space";"Create New Space"
"No wikis have been added to this business yet.";"No wikis have been added to this business yet."
"No classifieds have been created.";"No classifieds have been created."
"Create New Contest";"Create New Contest"
"Import Jobs";"Import Jobs"
"No jobs have been added.";"No jobs have been added."
"_ACTIVITY_ACTIONTYPE_YNBUSINESSPAGES_REVIEW_CREATE";"Review a business."
"_ACTIVITY_ACTIONTYPE_YNBUSINESSPAGES_BUSINESS_CREATE";"Create a business."
"ACTIVITY_TYPE_YNBUSINESSPAGES_BUSINESS_ADD_REVIEW";"When people review your business."
"ACTIVITY_TYPE_YNBUSINESSPAGES_BUSINESS_APPROVED";"When your business is approved."
"ACTIVITY_TYPE_YNBUSINESSPAGES_BUSINESS_FEATURED";"When your business is featured."
"ACTIVITY_TYPE_YNBUSINESSPAGES_EDITED";"When your business is edited."
"ACTIVITY_TYPE_YNBUSINESSPAGES_JOINED";"When someone join your business."
"ACTIVITY_TYPE_YNBUSINESSPAGES_BUSINESS_UNFEATURED";"When your business is unfeatured."
"ACTIVITY_TYPE_YNBUSINESSPAGES_BUSINESS_NEVER_EXPIRE";"When your business is set to never expire."
"ACTIVITY_TYPE_YNBUSINESSPAGES_ACCEPTED";"Your request to join the business has been approved."
"ACTIVITY_TYPE_YNBUSINESSPAGES_APPROVE";"When someone has requested to join the business."
"ACTIVITY_TYPE_YNBUSINESSPAGES_BUSINESS_EXPIRED";"When your business is expired."
"ACTIVITY_TYPE_YNBUSINESSPAGES_BUSINESS_NOTICEEXPIRED";"When your business is almost expired."
"ACTIVITY_TYPE_YNBUSINESSPAGES_BUSINESS_UNCLAIMED";"When the business is unclaimed."
"ACTIVITY_TYPE_YNBUSINESSPAGES_CLAIM_APPROVED";"Your claim request for business has just been claimed successfully."
"ACTIVITY_TYPE_YNBUSINESSPAGES_CLAIM_SUCCESS";"Your claim request for business has just been approved."
"ACTIVITY_TYPE_YNBUSINESSPAGES_INVITE";"When someone invite you to join business."
"ACTIVITY_TYPE_YNBUSINESSPAGES_INVITE_MESSAGE";"When someone invite you to join business."
"ACTIVITY_TYPE_YNBUSINESSPAGES_TRANSFER_OWNER";"When you has became the owner of the business."

"Mark this read";"Mark this read"
"Newest Photos";"Newest Photos"
"Newest Videos";"Newest Videos"
"Newest Deals";"Newest Deals"
"Newest Blogs";"Newest Blogs"
"Newest Contests";"Newest Contests"
"Newest Events";"Newest Events"
"Newest Listings";"Newest Listings"
"Newest Polls";"Newest Polls"
"Newest Playlists";"Newest Playlists"
"Newest Wikis";"Newest Wikis"
"Newest Classifieds";"Newest Classifieds"
"Newest Discussions";"Newest Discussions"
"Newest Files";"Newest Files"
"Post New Topic";"Post New Topic"
"ynbusiness_discussion";"Discussion";"Discussions"
"View All %s Topic";"View All %s Topic";"View All %s Topics"
"ynbusiness_reply";"reply";"replies"
"Back to Topics";"Back to Topics"
"ynbusiness_photo";"Photo";"Photos"
"View All Photos";"View All Photos"
"View All Folders";"View All Folders"
"MB of %s MB used";"MB of %s MB used"
"MB of Unlimited";"MB of Unlimited"
"Search Videos";"Search Videos"
"My Videos";"My Videos"
"My Events";"My Events"
"View all Playlists";"View all Playlists"
"ynbusiness_playlist";"Music playlist";"Music playlists"
"View all Albums";"View all Albums"
"ynbusiness_mp3music";"Mp3music album";"Mp3music albums"
"Search Albums";"Search Albums"
"View all Blog Entries";"View all Blog Entries"
"ynbusiness_blog";"Blog entry";"Blog entries"
"View all Polls";"View all Polls"
"Search Polls";"Search Polls"
"All Polls";"All Polls"
"Only Open Polls";"Only Open Polls"
"Only Closed Polls";"Only Closed Polls"
"ynbusiness_space";"Wiki";"Wikis"
"View All Spaces";"View All Spaces"
"Create by <b>%1$s</b> ";"Create by <b>%1$s</b> "
" Last updated by <b>%1$s</b> ";" Last updated by <b>%1$s</b> "
"View all Listings";"View all Listings"
"Page Name";"Page Name"
"Page Creator";"Page Creator"
"ynbusiness_classified";"Classified listing";"Classified listings"
"&#187; Wikis";"&#187; Wikis"
"&#187; Classified Listings";"&#187; Classified Listings"
"Search Classifieds";"Search Classifieds"
"View all Deals";"View all Deals"
"ynbusiness_deal";"Deal";"Deals"
"&#187; Groupbuy deals";"&#187; Groupbuy deals"
"Featured Deals";"Featured Deals"
"View all Contests";"View all Contests"
"Contact";"Contact"
"View all Jobs";"View all Jobs"
"ynbusiness_job";"Job";"Jobs"
"Search Jobs";"Search Jobs"
"Feature Expiration";"Feature Expiration"
"Unspecified";"Unspecified"
"YNBUSINESSPAGES_FOUNDER_DESC";"Use autosuggestion and mouse click to select the founder who is a member of this community. Press ""Enter"" if the founder is not any member."
"&#187; Jobs";"&#187; Jobs"
"Expired";"Expired"
"_ACTIVITY_ACTIONTYPE_YNBUSINESSPAGES_JOIN";"Joining a business"
"This %s belong to the";"This %s belong to the"
"business_count";"business";"businesses"
"No topics have been posted in this business yet.";"No topics have been posted in this business yet."
"If you want to ask us a question directly, please submit your message with the following form. How can we help you?";"If you want to ask us a question directly, please submit your message with the following form. How can we help you?"
"Maximum 500 characters";"Maximum 500 characters"
"video_count";"%s video";"%s videos"
"There are no businesses found yet.";"There are no businesses found yet."
"View all Topics";"View all Topics"


# notify_ynbusinesspages_edited
"_EMAIL_NOTIFY_YNBUSINESSPAGES_EDITED_TITLE";Business Updated Information"
"_EMAIL_NOTIFY_YNBUSINESSPAGES_EDITED_DESCRIPTION";"This email is sent to Business Followers."
"_EMAIL_NOTIFY_YNBUSINESSPAGES_EDITED_SUBJECT";"Business ""[object_title]"" Updated"
"_EMAIL_NOTIFY_YNBUSINESSPAGES_EDITED_BODY";"[header]

The business [object_title] information has just been updated.

Please click the following link to view it:

http://[host][object_link]

[footer]"

# notify_ynbusinesspages_invite
"_EMAIL_NOTIFY_YNBUSINESSPAGES_INVITE_TITLE";"Business Invitation"
"_EMAIL_NOTIFY_YNBUSINESSPAGES_INVITE_DESCRIPTION";"This email is sent to someone when they are invited to a business."
"_EMAIL_NOTIFY_YNBUSINESSPAGES_INVITE_SUBJECT";"You have been invited to join the business [object_title]"
"_EMAIL_NOTIFY_YNBUSINESSPAGES_INVITE_BODY";"[header]

You have been invited to join the business ""[object_title]"". Please click the following link to view it:

http://[host][object_link]

[footer]"

# notify_ynbusinesspages_invite_message
"_EMAIL_NOTIFY_YNBUSINESSPAGES_INVITE_MESSAGE_TITLE";"Business Invitation With Message"
"_EMAIL_NOTIFY_YNBUSINESSPAGES_INVITE_MESSAGE_DESCRIPTION";"This email is sent to someone when they are invited to a business."
"_EMAIL_NOTIFY_YNBUSINESSPAGES_INVITE_MESSAGE_SUBJECT";"You have been invited to join the business [object_title]"
"_EMAIL_NOTIFY_YNBUSINESSPAGES_INVITE_MESSAGE_BODY";"[header]

You have been invited to join the business ""[object_title]"". Please click the following link to view it:

http://[host][object_link]

----------------------------------------
[message]
----------------------------------------

[footer]"

# notify_ynbusinesspages_approve
"_EMAIL_NOTIFY_YNBUSINESSPAGES_APPROVE_TITLE";"Business Request"
"_EMAIL_NOTIFY_YNBUSINESSPAGES_APPROVE_DESCRIPTION";"This email is sent to the member when someone requests to join their business."
"_EMAIL_NOTIFY_YNBUSINESSPAGES_APPROVE_SUBJECT";"[sender_title] has requested to join the business [object_title]"
"_EMAIL_NOTIFY_YNBUSINESSPAGES_APPROVE_BODY";"[header]

[sender_title] has requested to join the business ""[object_title]"". Please click the following link to view it:

http://[host][object_link]

[footer]"


# notify_ynbusinesspages_accepted
"_EMAIL_NOTIFY_YNBUSINESSPAGES_ACCEPTED_TITLE";"Business Accepted"
"_EMAIL_NOTIFY_YNBUSINESSPAGES_ACCEPTED_DESCRIPTION";"This email is sent to the member when they are approved to join a business."
"_EMAIL_NOTIFY_YNBUSINESSPAGES_ACCEPTED_SUBJECT";"You have been approved to join the business [object_title]"
"_EMAIL_NOTIFY_YNBUSINESSPAGES_ACCEPTED_BODY";"[header]

You have been approved to join the business ""[object_title]"". Please click the following link to view it:

http://[host][object_link]

[footer]"


# notify_ynbusinesspages_joined
"_EMAIL_NOTIFY_YNBUSINESSPAGES_APPROVE_TITLE";"Business Joined"
"_EMAIL_NOTIFY_YNBUSINESSPAGES_APPROVE_DESCRIPTION";"This email is sent to the business owners when someone join their business."
"_EMAIL_NOTIFY_YNBUSINESSPAGES_APPROVE_SUBJECT";"[sender_title] has joined the business [object_title]"
"_EMAIL_NOTIFY_YNBUSINESSPAGES_APPROVE_BODY";"[header]

[sender_title] has joined the business ""[object_title]"". Please click the following link to view it:

http://[host][object_link]

[footer]"


"Browse";"Browse"
"My";"My"
"Listing";"Listing"
"%s Business";"%s Business";"%s Businesses"

" for never expire";" for never expire"
"never expire";"never expire"

"ITEM_TYPE_YNBUSINESSPAGES_BUSINESS";"Businesses"
"ITEM_TYPE_YNBUSINESSPAGES_ALBUM";"Albums"
"ITEM_TYPE_YNBUSINESSPAGES_PHOTO";"Photos"
"ITEM_TYPE_YNBUSINESSPAGES_TOPIC";"Topics"
"ITEM_TYPE_YNBUSINESSPAGES_POST";"Posts"
"Radius (km)";"Radius (km)"
"Radius (km)..";"Radius (km).."
"Create your new message with the form below. Your message will be sent to business owner.";"Create your new message with the form below. Your message will be sent to business owner."
"View More";"View More"
"Search friends";"Search friends"