"ynultimatevideo_playlist_count";"playlist";"playlists"
"Create video require at least one category. Please contact admin for more details.";"Create video require at least one category. Please contact admin for more details."
"Video Specifications";"Video Specifications"
"Video Description";"Video Description"
"Browse Playlists";"Browse Playlists"
"My Items";"My Items"
" on ";" on "
" or ";" or "
"%1$s comment";"%1$s comment";"%1$s comments"
"%1$s favorite";"%1$s favorite";"%1$s favorites"
"%1$s like";"%1$s like";"%1$s likes"
"%1$s playlist";"%1$s playlist";"%1$s playlists"
"%1$s rating";"%1$s rating";"%1$s ratings"
"%1$s video";"%1$s video";"%1$s videos"
"%1$s view";"%1$s view";"%1$s views"
"%s favorite";"%s favorite";"%s favorites"
"'s Other Videos";"'s Other Videos"
"(%1$s view)";"(%1$s view)";"(%1$s views)"
"A required file was not found, please be patient and we'll fix this.";"A required file was not found, please be patient and we'll fix this."
"Add Category";"Add Category"
"Add New Category";"Add New Category"
"Add New Video";"Add New Video"
"Add Question";"Add Question"
"add to featured videos";"add to featured videos"
"Add to new playlist";"Add to new playlist"
"Add to";"Add to"
"Add Video";"Add Video"
"Added to";"Added to"
"All Categories";"All Categories"
"All Registered Members";"All Registered Members"
"Allow Commenting on Video Playlists?";"Allow Commenting on Video Playlists?"
"Allow Commenting on Videos?";"Allow Commenting on Videos?"
"Allow Creation of Video Playlists?";"Allow Creation of Video Playlists?"
"Allow Creation of Videos?";"Allow Creation of Videos?"
"Allow Deletion of Video Playlists?";"Allow Deletion of Video Playlists?"
"Allow Deletion of Videos?";"Allow Deletion of Videos?"
"Allow Editing of Video Playlists?";"Allow Editing of Video Playlists?"
"Allow Editing of Videos?";"Allow Editing of Videos?"
"Allow Embedding of Videos?";"Allow Embedding of Videos?"
"Allow to upload videos to YouTube?";"Allow to upload videos to YouTube?"
"Allow Video Upload?";"Allow Video Upload?"
"Allow Viewing of Video Playlists?";"Allow Viewing of Video Playlists?"
"Allow Viewing of Videos?";"Allow Viewing of Videos?"
"Also from this member";"Also from this member"
"An error occurred.";"An error occurred."
"Are you sure that you want to delete this category? It will not be recoverable after being deleted.";"Are you sure that you want to delete this category? It will not be recoverable after being deleted."
"Are you sure that you want to delete this video? It will not be recoverable after being deleted.";"Are you sure that you want to delete this video? It will not be recoverable after being deleted."
"Are you sure that you want to remove this report item?";"Are you sure that you want to remove this report item?"
"Are you sure you want to delete the selected videos?")) ?>";"Are you sure you want to delete the selected videos?")) ?>"
"Are you sure you want to delete the selected videos?";"Are you sure you want to delete the selected videos?"
"Are you sure you want to delete this playlist";"Are you sure you want to delete this playlist"
"Are you sure you want to delete this playlist?";"Are you sure you want to delete this playlist?"
"Are you sure you want to delete this video";"Are you sure you want to delete this video"
"Are you sure you want to delete this video?";"Are you sure you want to delete this video?"
"Are you sure you want to remove this video from the playlist?";"Are you sure you want to remove this video from the playlist?"
"Are you sure you want to remove this video from the watch later?";"Are you sure you want to remove this video from the watch later?"
"Are you sure you want to remove this video from your favorite videos?";"Are you sure you want to remove this video from your favorite videos?"
"Are you sure you want to remove this video from your Watch Later list";"Are you sure you want to remove this video from your Watch Later list"
"Attach an icon (The icon will be resized to 24px * 24px)";"Attach an icon (The icon will be resized to 24px * 24px)"
"Attach";"Attach"
"Authorized redirect URIs";"Authorized redirect URIs"
"Back to playlist";"Back to playlist"
"Browse by";"Browse by"
"Browse By";"Browse By"
"By %1$s";"By %1$s"
"by %s";"by %s"
"By";"By"
"Cancel";"Cancel"
"cancel";"cancel"
"Casual view";"Casual view"
"Categories";"Categories"
"Category Listings Per Page";"Category Listings Per P"age"
"Category Listings Per Page";"Category Listings Per Page"
"Category Name";"Category Name"
"Category";"Category"
"Checking URL...";"Checking URL..."
"Choose Source";"Choose Source"
"Please wait while your video is being uploaded. When your upload is finished, your video will be processed - you will be notified when it is ready to be viewed.";"Please wait while your video is being uploaded. When your upload is finished, your video will be processed - you will be notified when it is ready to be viewed."
"Click ""Add Video"" to select a video from your computer. After you have selected video, the video will be uploaded. Please wait while your video is being uploaded. When your upload is finished, your video will be processed - you will be notified when it is ready to be viewed.";"Click ""Add Video"" to select a video from your computer. After you have selected video, the video will be uploaded. Please wait while your video is being uploaded. When your upload is finished, your video will be processed - you will be notified when it is ready to be viewed."
"click to rate";"click to rate"
"Client ID";"Client ID"
"Client Secret";"Client Secret"
"close";"close"
"Close";"Close"
"Comment Privacy";"Comment Privacy"
"Create new playlist";"Create new playlist"
"Create New Playlist";"Create New Playlist"
"Create Playlist";"Create Playlist"
"Created From";"Created From"
"Created on %1$s";"Created on %1$s"
"Created on";"Created on"
"Created";"Created"
"Dailymotion Video";"Dailymotion Video"
"Date";"Date"
"Delete Category?";"Delete Category?"
"Delete Playlis";"Delete Playlis"
"Delete Playlist";"Delete Playlist"
"Delete Selected";"Delete Selected"
"Delete Vide";"Delete Vide"
"Delete Video Category?";"Delete Video Category?"
"Delete Video";"Delete Video"
"Delete Video?";"Delete Video?"
"Delete";"Delete"
"delete";"delete"
"Description";"Description"
"Displays a button to create new playlist.";"Displays a button to create new playlist."
"Displays a list by slideshow of featured videos.";"Displays a list by slideshow of featured videos."
"Displays a list current user's video playlists.";"Displays a list current user's video playlists."
"Displays a list current user's videos.";"Displays a list current user's videos."
"Displays a list current user's watch later videos.";"Displays a list current user's watch later videos."
"Displays a list current user\'s videos.";"Displays a list current user\'s videos."
"Displays a list current user\'s watch later videos.";"Displays a list current user\'s watch later videos."
"Displays a list of all videos.";"Displays a list of all videos."
"Displays a list of categories.";"Displays a list of categories."
"Displays a list of current user's favorite videos.";"Displays a list of current user's favorite videos."
"Displays a list of current user\'s favorite videos.";"Displays a list of current user\'s favorite videos."
"Displays a list of most liked videos.";"Displays a list of most liked videos."
"Displays a list of most viewed videos.";"Displays a list of most viewed videos."
"Displays a list of other videos that are similar to the current video, based on tags.";"Displays a list of other videos that are similar to the current video, based on tags."
"Displays a list of other videos that has the same category to the current video";"Displays a list of other videos that has the same category to the current video"
"Displays a list of other videos that the member that uploaded this video uploaded.";"Displays a list of other videos that the member that uploaded this video uploaded."
"Displays a list of other videos that the people who liked this video also liked.";"Displays a list of other videos that the people who liked this video also liked."
"Displays a list of playlist from this member.";"Displays a list of playlist from this member."
"Displays a list of recently uploaded videos.";"Displays a list of recently uploaded videos."
"Displays a list of recently watched videos.";"Displays a list of recently watched videos."
"Displays a list of video tags.";"Displays a list of video tags."
"Displays a list of videos belong to a category.";"Displays a list of videos belong to a category."
"Displays a list top members having most videos.";"Displays a list top members having most videos."
"Displays a member\'s favorite videos on their profile.";"Displays a member\'s favorite videos on their profile."
"Displays a member\'s video playlists on their profile.";"Displays a member\'s video playlists on their profile."
"Displays a member\'s videos on their profile.";"Displays a member\'s videos on their profile."
"Displays a menu in the video browse page.";"Displays a menu in the video browse page."
"Displays a search form in the video browse page.";"Displays a search form in the video browse page."
"Displays a small menu in the video browse page.";"Displays a small menu in the video browse page."
"Displays my playlist view history.";"Displays my playlist view history."
"Displays my video view history.";"Displays my video view history."
"Displays Playlist Info on detail page";"Displays Playlist Info on detail page"
"Displays playlist listings in playlist browse page.";"Displays playlist listings in playlist browse page."
"Displays Playlist Slideshow on detail page";"Displays Playlist Slideshow on detail page"
"Displays popular playlists.";"Displays popular playlists."
"Displays recommended videos.";"Displays recommended videos."
"Displays shortcuts to my video pages.";"Displays shortcuts to my video pages."
"Displays videos listings in playlist detail page.";"Displays videos listings in playlist detail page."
"Do you want to let members create video playlists? If set to no, some other settings on this page may not apply. This is useful if you want members to be able to view videos, but only want certain levels to be able to create video playlists.";"Do you want to let members create video playlists? If set to no, some other settings on this page may not apply. This is useful if you want members to be able to view videos, but only want certain levels to be able to create video playlists."
"Do you want to let members create videos? If set to no, some other settings on this page may not apply. This is useful if you want members to be able to view videos, but only want certain levels to be able to create videos.";"Do you want to let members create videos? If set to no, some other settings on this page may not apply. This is useful if you want members to be able to view videos, but only want certain levels to be able to create videos."
"Do you want to let members delete video playlists? If set to no, some other settings on this page may not apply.";"Do you want to let members delete video playlists? If set to no, some other settings on this page may not apply."
"Do you want to let members delete videos? If set to no, some other settings on this page may not apply.";"Do you want to let members delete videos? If set to no, some other settings on this page may not apply."
"Do you want to let members edit video playlists? If set to no, some other settings on this page may not apply.";"Do you want to let members edit video playlists? If set to no, some other settings on this page may not apply."
"Do you want to let members edit videos? If set to no, some other settings on this page may not apply.";"Do you want to let members edit videos? If set to no, some other settings on this page may not apply."
"Do you want to let members of this level comment on video playlists?";"Do you want to let members of this level comment on video playlists?"
"Do you want to let members of this level comment on videos?";"Do you want to let members of this level comment on videos?"
"Do you want to let members to upload their own videos? If set to no, some other settings on this page may not apply.";"Do you want to let members to upload their own videos? If set to no, some other settings on this page may not apply."
"Do you want to let members view video playlists? If set to no, some other settings on this page may not apply.";"Do you want to let members view video playlists? If set to no, some other settings on this page may not apply."
"Do you want to let members view videos? If set to no, some other settings on this page may not apply.";"Do you want to let members view videos? If set to no, some other settings on this page may not apply."
"Duplicates are not allowed for this playlist";"Duplicates are not allowed for this playlist"
"Duplicates are not allowed for this playlist.";"Duplicates are not allowed for this playlist."
"Edit Category";"Edit Category"
"Edit Playlist";"Edit Playlist"
"Edit playlist";"Edit playlist"
"Edit Video";"Edit Video"
"edit";"edit"
"Edit";"Edit"
"Editing Category Type:";"Editing Category Type:"
"Embedding of videos has been disabled for this video.";"Embedding of videos has been disabled for this video."
"Embedding of videos has been disabled.";"Embedding of videos has been disabled."
"Enabling this option will give members the ability to embed videos on this site in other pages using an iframe (like YouTube).";"Enabling this option will give members the ability to embed videos on this site in other pages using an iframe (like YouTube)."
"Encoding Jobs";"Encoding Jobs"
"end";"end"
"Enter the maximum number of allowed videos. The field must contain an integer, use zero for unlimited.";"Enter the maximum number of allowed videos. The field must contain an integer, use zero for unlimited."
"Everyone";"Everyone"
"failed";"failed"
"Favorite Videos";"Favorite Videos"
"Favorite";"Favorite"
"Featured Videos";"Featured Videos"
"Featured";"Featured"
"FFMPEG path is not valid or does not exist";"FFMPEG path is not valid or does not exist"
"Ffmpeg Version";"Ffmpeg Version"
"File Upload";"File Upload"
"Filed in";"Filed in"
"Friends and Networks";"Friends and Networks"
"Friends of Friends";"Friends of Friends"
"Friends Only";"Friends Only"
"From the same Member";"From the same Member"
"Get started by %1$sposting%2$s a new playlist.";"Get started by %1$sposting%2$s a new playlist."
"Get started by %1$sposting%2$s a new video.";"Get started by %1$sposting%2$s a new video."
"Global Settings";"Global Settings"
"Global Settings')->setDescription('These settings affect all members in your community";"Global Settings')->setDescription('These settings affect all members in your community"
"Go Back";"Go Back"
"Grid view";"Grid view"
"here";"here"
"Highest Rated";"Highest Rated"
"How many jobs do you want to allow to run at the same time?";"How many jobs do you want to allow to run at the same time?"
"How many videos will be shown per page? (Enter a number between 1 and 999)";"How many videos will be shown per page? (Enter a number between 1 and 999)"
"HTML code";"HTML code"
"Icon";"Icon"
"If you delete this category, all existing videos will be moved to another one.";"If you delete this category, all existing videos will be moved to another one."
"If you would like to upload a new video, please <a href=""%1$s"">delete</a> an old one first.";"If you would like to upload a new video, please <a href=""%1$s"">delete</a> an old one first."
"Invalid data";"Invalid data"
"Invalid method.";"Invalid method."
"Invalid request method.";"Invalid request method."
"Invalid Upload";"Invalid Upload"
"Item";"Item"
"Just Me";"Just Me"
"Latest Videos";"Latest Videos"
"List All Videos";"List All Videos"
"List Categories";"List Categories"
"List My Video Playlists";"List My Video Playlists"
"List My Videos";"List My Videos"
"List My Watch Later Videos";"List My Watch Later Videos"
"List User Favorite Videos";"List User Favorite Videos"
"List view";"List view"
"Listing Videos";"Listing Videos"
"Listings";"Listings"
"LOADING";"LOADING"
"Loading...";"Loading..."
"Manage Playlists Page";"Manage Playlists Page"
"Manage Videos";"Manage Videos"
"Maximum Allowed Videos";"Maximum Allowed Videos"
"Member Level Setting";"Member Level Setting"
"Member Level Settings";"Member Level Settings"
"Member Level";"Member Level"
"Message:";"Message:"
"Most Commented";"Most Commented"
"Most Favorite Videos";"Most Favorite Videos"
"Most Liked Videos";"Most Liked Videos"
"Most Liked";"Most Liked"
"Most Rated";"Most Rated"
"Most Recent";"Most Recent"
"Most Viewed";"Most Viewed"
"Move to Category";"Move to Category"
"My Computer";"My Computer"
"My Favorite Videos";"My Favorite Videos"
"My Playlists";"My Playlists"
"My Videos";"My Videos"
"Newest created";"Newest created"
"Next";"Next"
"No videos found.";"No videos found."
"No, do not allow embedding of videos.";"No, do not allow embedding of videos."
"No, do not allow members to comment on video playlists.";"No, do not allow members to comment on video playlists."
"No, do not allow members to comment on videos.";"No, do not allow members to comment on videos."
"No, do not allow members to delete their video playlists.";"No, do not allow members to delete their video playlists."
"No, do not allow members to delete their videos.";"No, do not allow members to delete their videos."
"No, do not allow members to edit their video playlists.";"No, do not allow members to edit their video playlists."
"No, do not allow members to edit their videos.";"No, do not allow members to edit their videos."
"No, do not allow video playlist to be created.";"No, do not allow video playlist to be created."
"No, do not allow video playlists to be viewed.";"No, do not allow video playlists to be viewed."
"No, do not allow video to be created.";"No, do not allow video to be created."
"No, do not allow video uploads.";"No, do not allow video uploads."
"No, do not allow videos to be viewed.";"No, do not allow videos to be viewed."
"Non-category";"Non-category"
"Number of categories per page in the listing page? (Enter a number between 1 and 50)";"Number of categories per page in the listing page? (Enter a number between 1 and 50)"
"Number of emails a person can send each time on each video? (Enter a number between 1 and 50)";"Number of emails a person can send each time on each video? (Enter a number between 1 and 50)"
"Number of Emails";"Number of Emails"
"Number of members";"Number of members"
"Number of playlists per page";"Number of playlists per page"
"Number of playlists";"Number of playlists"
"Number of tags";"Number of tags"
"Number of Timed Used";"Number of Timed Used"
"Number of Times Used";"Number of Times Used"
"Number of videos per category in the listing page? (Enter a number between 1 and 20)";"Number of videos per category in the listing page? (Enter a number between 1 and 20)"
"Number of videos per page";"Number of videos per page"
"Number of videos";"Number of videos"
"Oldest created";"Oldest created"
"Only Featured Videos";"Only Featured Videos"
"Options";"Options"
"or";"or"
"Orginal Item";"Orginal Item"
"Other Videos From Member";"Other Videos From Member"
"Owner";"Owner"
"Parent Category";"Parent Category"
"Paste the web address of the video here.";"Paste the web address of the video here."
"Paste the web address of the video here. Only support MP4 video format when uploading video via URL.";"Paste the web address of the video here. Only support MP4 video format when uploading video via URL."
"Path to FFMPEG";"Path to FFMPEG"
"People Also Like";"People Also Like"
"People Also Liked";"People Also Liked"
"Playing";"Playing"
"Playlist Create";"Playlist Create"
"Playlist Description";"Playlist Description"
"Playlist Image (optional)";"Playlist Image (optional)"
"Playlist Image";"Playlist Image"
"Playlist Name";"Playlist Name"
"Playlist";"Playlist"
"playlist_import_type";"playlist"
"Playlists Per Page";"Playlists Per Page"
"Please add a new category before deleting this category!";"Please add a new category before deleting this category!"
"Please enter the full path to your FFMPEG installation. (Environment variables are not present)";"Please enter the full path to your FFMPEG installation. (Environment variables are not present)"
"Please fill in the api key for parsing youtube video (YouTube Data API v3)";"Please fill in the api key for parsing youtube video (YouTube Data API v3)"
"please login to rate";"please login to rate"
"Please select at least one report item to remove.";"Please select at least one report item to remove."
"Popular Type";"Popular Type"
"Popular Videos";"Popular Videos"
"Post New Video";"Post New Video"
"Post Video";"Post Video"
"Posted by ";"Posted by "
"Posted by %1$s on %2$s";"Posted by %1$s on %2$s"
"Posted by %1$s";"Posted by %1$s"
"Posted by";"Posted by"
"Posted";"Posted"
"Preview";"Preview"
"Previous";"Previous"
"Privacy";"Privacy"
"processing";"processing"
"Profile Favorite Videos";"Profile Favorite Videos"
"Profile Video Playlists";"Profile Video Playlists"
"Profile Videos";"Profile Videos"
"queued";"queued"
"rating";"rating"
"ratings";"ratings"
"ready";"ready"
"Recent Type";"Recent Type"
"Recent Videos";"Recent Videos"
"Recipient's email";"Recipient's email"
"Related Video";"Related Video"
"Related Videos";"Related Videos"
"Clear History";"Clear History"
"remove from featured videos";"remove from featured videos"
"Remove from History";"Remove from History"
"Remove playlist";"Remove playlist"
"Remove Report Item?";"Remove Report Item?"
"Remove the selected Report Items?";"Remove the selected Report Items?"
"Remove vide";"Remove vide"
"Remove video";"Remove video"
"Remove";"Remove"
"Repeat";"Repeat"
"Report";"Report"
"Save changes";"Save changes"
"Save Changes";"Save Changes"
"Save Video";"Save Video"
"Search Videos";"Search Videos"
"Search";"Search"
"Select File";"Select File"
"Send to friends";"Send to friends"
"Send Message To Friends";"Send Message To Friends"
"Send to Yahoo";"Send to Yahoo"
"Send";"Send"
"Separate multiple email addresses (up to %d) with commas.";"Separate multiple email addresses (up to %d) with commas."
"Separate tags with commas.";"Separate tags with commas."
"Share";"Share"
"Show less";"Show less"
"Show more";"Show more"
"Show this video in search results";"Show this video in search results"
"Show vertical thumbnails";"Show vertical thumbnails"
"Shuffle";"Shuffle"
"Sign In";"Sign In"
"Similar Video";"Similar Video"
"Similar Videos";"Similar Videos"
"Simple view";"Simple view"
"Sort by";"Sort by"
"State";"State"
"Status";"Status"
"Sub Category";"Sub Category"
"Sub-Category";"Sub-Category"
"Supported Video Formats";"Supported Video Formats"
"Tags (Keywords)";"Tags (Keywords)"
"Tags / Keywords";"Tags / Keywords"
"Tags";"Tags"
"Thanks for rating!";"Thanks for rating!"
"The category is created successfully.";"The category is created successfully."
"The category is deleted successfully.";"The category is deleted successfully."
"The category is edited successfully.";"The category is edited successfully."
"The emails are sent successfully !!!";"The emails are sent successfully !!!"
"The exec() function is not available. The ffmpeg path has not been saved.";"The exec() function is not available. The ffmpeg path has not been saved."
"The image should have the size (120px * 90px)";"The image should have the size (120px * 90px)"
"The inputed value is invalid.";"The inputed value is invalid."
"The playlist doesn't exist or not authorized to delete.";"The playlist doesn't exist or not authorized to delete."
"The video doesn't exist.";"The video doesn't exist."
"The video has been removed from the playlist.";"The video has been removed from the playlist."
"The video has been removed from the watch later.";"The video has been removed from the watch later."
"The video has been removed from your favorite videos.";"The video has been removed from your favorite videos."
"The video is removed from featured videos successfully";"The video is removed from featured videos successfully"
"The video is set as featured successfully";"The video is set as featured successfully"
"The video playlist has been deleted.";"The video playlist has been deleted."
"The video you are looking for does not exist or has not been processed yet.";"The video you are looking for does not exist or has not been processed yet."
"There are currently no categories.";"There are currently no categories."
"There are no imported items.";"There are no imported items."
"There are no playlists can import.";"There are no playlists can import."
"There are no videos can import.";"There are no videos can import."
"There are no videos in this playlists.";"There are no videos in this playlists."
"There are no videos posted by your members yet.";"There are no videos posted by your members yet."
"There are no videos.";"There are no videos."
"There is an error occured, please try again !!!";"There is an error occured, please try again !!!"
"There is an error occured, please try again.";"There is an error occured, please try again."
"There is an error occured. Please try again !!!";"There is an error occured. Please try again !!!"
"There is an error occured. Please try again !";"There is an error occured. Please try again !"
"There is no email entered !!!";"There is no email entered !!!"
"There is no videos found.";"There is no videos found."
"These settings affect all members in your community.";"These settings affect all members in your community."
"These settings are applied on a per member level basis. Start by selecting the member level you want to modify, then adjust the settings for that level below";"These settings are applied on a per member level basis. Start by selecting the member level you want to modify, then adjust the settings for that level below"
"These settings are applied on a per member level basis. Start by selecting the member level you want to modify, then adjust the settings for that level below.";"These settings are applied on a per member level basis. Start by selecting the member level you want to modify, then adjust the settings for that level below."
"This form is just an example fallback for the unobtrusive behaviour of FancyUpload. If this part is not changed, something must be wrong with your code.";"This form is just an example fallback for the unobtrusive behaviour of FancyUpload. If this part is not changed, something must be wrong with your code."
"This is the advanced video home page.";"This is the advanced video home page."
"This is the home page for the ultimate Video.";"This is the home page for the ultimate Video."
"This is the ultimate Video listing page.";"This is the ultimate Video listing page."
"This is the view page for a video.";"This is the view page for a video."
"This is the view page for favorite videos.";"This is the view page for favorite videos."
"This is the view page for listing videos.";"This is the view page for listing videos."
"This is the view page for the video playlist detail.";"This is the view page for the video playlist detail."
"This is the view page for video playlists.";"This is the view page for video playlists."
"This is the view page for videos posted by the current user.";"This is the view page for videos posted by the current user."
"This is the view page for watch later videos.";"This is the view page for watch later videos."
"This page allows playlist to be added.";"This page allows playlist to be added."
"This page allows playlist to be edited.";"This page allows playlist to be edited."
"This page allows video to be added.";"This page allows video to be added."
"This page allows video to be edited.";"This page allows video to be edited."
"This page contains utilities to help configure and troubleshoot the video plugin.";"This page contains utilities to help configure and troubleshoot the video plugin."
"This video doesn't exist. Please try another one !!!";"This video doesn't exist. Please try another one !!!"
"This video is existed in the favorite list !!!";"This video is existed in the favorite list !!!"
"This video is existed in the watchlater list !!!";"This video is existed in the watchlater list !!!"
"This video is existed in this playlist !!!";"This video is existed in this playlist !!!"
"This will display the current installed version of ffmpeg.";"This will display the current installed version of ffmpeg."
"This will run and show the output of "ffmpeg -formats". Please see this page for more info.";"This will run and show the output of "ffmpeg -formats". Please see this page for more info."
"Title";"Title"
"to add this video to a playlist";"to add this video to a playlist"
"To enable the embedded uploader, enable the blocked Flash movie (see Flashblock).";"To enable the embedded uploader, enable the blocked Flash movie (see Flashblock)."
"To enable the embedded uploader, install the latest Adobe Flash plugin.";"To enable the embedded uploader, install the latest Adobe Flash plugin."
"To enable the embedded uploader, unblock it in your browser and refresh (see Adblock).";"To enable the embedded uploader, unblock it in your browser and refresh (see Adblock)."
"To upload a video from your computer, please use our <a href="%1$s">full uploader</a>.";"To upload a video from your computer, please use our <a href="%1$s">full uploader</a>."
"To";"To"
"Top Members";"Top Members"
"Type";"Type"
"Ultimate Video History Page";"Ultimate Video History Page"
"Ultimate Video Plugin";"Ultimate Video Plugin"
"Ultimate Video";"Ultimate Video"
"Ultimate Videos";"Ultimate Videos"
"Unknown";"Unknown"
"Update Time";"Update Time"
"Upload a Video:";"Upload a Video:"
"Also upload this video to YouTube";"Also upload this video to YouTube"
"Uploaded Video";"Uploaded Video"
"URL Video";"URL Video"
"URL";"URL"
"Video Browse Menu";"Video Browse Menu"
"Video Browse Quick Menu";"Video Browse Quick Menu"
"Video Browse Search";"Video Browse Search"
"Video Categories";"Video Categories"
"Video Comment Options";"Video Comment Options"
"Video conversion failed. Audio files are not supported. Please try %1$sagain%2$s.";"Video conversion failed. Audio files are not supported. Please try %1$sagain%2$s."
"Video conversion failed. Please try %1$suploading again%2$s.";"Video conversion failed. Please try %1$suploading again%2$s."
"Video conversion failed. Video format is not supported by FFMPEG. Please try %1$sagain%2$s.";"Video conversion failed. Video format is not supported by FFMPEG. Please try %1$sagain%2$s."
"Video conversion failed. You may be over the site upload limit.  Try %1$suploading%2$s a smaller file, or delete some files to free up space.";"Video conversion failed. You may be over the site upload limit.  Try %1$suploading%2$s a smaller file, or delete some files to free up space."
"Video Create";"Video Create"
"Video Description";"Video Description"
"Video doesn't exists or not authorized to delete.";"Video doesn't exists or not authorized to delete."
"Video Edit Page";"Video Edit Page"
"Video has been deleted.";"Video has been deleted."
"Video Home";"Video Home"
"Video Link (URL)";"Video Link (URL)"
"Video Playlist Comment Options";"Video Playlist Comment Options"
"Video Playlist Privacy";"Video Playlist Privacy"
"Video Playlists Page";"Video Playlists Page"
"Video Playlists";"Video Playlists"
"Video posted successfully.";"Video posted successfully.";
"Video Privacy";"Video Privacy"
"Video Source";"Video Source"
"Video Title";"Video Title"
"Video Utilities";"Video Utilities"
"Video";"Video"
"video_import_type";"video"
"YNULTIMATEVIDEO_VIEWS_SCRIPTS_ADMINMANAGE_INDEX_DESCRIPTION";"This page lists all of the videos your users have posted. You can use this page to monitor these videos and delete offensive material if necessary. Entering criteria into the filter fields will help you find specific video. Leaving the filter fields blank will show all the videos on your social network."
"YNULTIMATEVIDEO_VIEWS_SCRIPTS_ADMINSETTINGS_CATEGORIES_DESCRIPTION";"If you want to allow your users to categorize their videos, create the categories below. This feature is useful if you want to list all your users' video that If you have no categories, your users will not be given the option of assigning a video category."
"Videos Plugin";"Videos Plugin"
"Videos";"Videos"
"View Favorite Videos";"View Favorite Videos"
"View Video Playlist Detail";"View Video Playlist Detail"
"view video";"view video"
"View Video";"View Video"
"View Watch Later Videos";"View Watch Later Videos"
"view";"view"
"Viewing Mode";"Viewing Mode"
"Views";"Views"
"Vimeo Video";"Vimeo Video"
"Watch Later";"Watch Later"
"Watched";"Watched"
"We could not find a video there - please check the URL and try again. If you are sure that the URL is valid, please click %s to continue.", "<a href='javascript:void(0);' onclick='javascript:ignoreValidation();'>".$this->translate("here")."</a>";"We could not find a video there - please check the URL and try again. If you are sure that the URL is valid, please click %s to continue.", "<a href='javascript:void(0);' onclick='javascript:ignoreValidation();'>".$this->translate("here")."</a>"
"We could not find a video there - please check the URL and try again.";"We could not find a video there - please check the URL and try again."
"When a new photo is uploaded, the old one will be deleted";"When a new photo is uploaded, the old one will be deleted"
"Which view mode is default?";"Which view mode is default?"
"Who may post comments on this playlist?";"Who may post comments on this playlist?"
"Who may post comments on this video?";"Who may post comments on this video?"
"Who may see this playlist";"Who may see this playlist"
"Who may see this playlist?";"Who may see this playlist?"
"Who may see this video?";"Who may see this video?"
"Yes, allow creation of video playlists.";"Yes, allow creation of video playlists."
"Yes, allow creation of videos.";"Yes, allow creation of videos."
"Yes, allow embedding of videos.";"Yes, allow embedding of videos."
"Yes, allow members to comment on all video playlists, including private ones.";"Yes, allow members to comment on all video playlists, including private ones."
"Yes, allow members to comment on all videos, including private ones.";"Yes, allow members to comment on all videos, including private ones."
"Yes, allow members to comment on video playlists.";"Yes, allow members to comment on video playlists."
"Yes, allow members to comment on videos.";"Yes, allow members to comment on videos."
"Yes, allow members to delete all video playlists.";"Yes, allow members to delete all video playlists."
"Yes, allow members to delete all videos.";"Yes, allow members to delete all videos."
"Yes, allow members to delete their own video playlists.";"Yes, allow members to delete their own video playlists."
"Yes, allow members to delete their own videos.";"Yes, allow members to delete their own videos."
"Yes, allow members to edit all video playlists.";"Yes, allow members to edit all video playlists."
"Yes, allow members to edit all videos.";"Yes, allow members to edit all videos."
"Yes, allow members to edit their own video playlists.";"Yes, allow members to edit their own video playlists."
"Yes, allow members to edit their own videos.";"Yes, allow members to edit their own videos."
"Yes, allow video uploads.";"Yes, allow video uploads."
"Yes, allow viewing of all video playlists, even private ones.";"Yes, allow viewing of all video playlists, even private ones."
"Yes, allow viewing of all videos, even private ones.";"Yes, allow viewing of all videos, even private ones."
"Yes, allow viewing of video playlists.";"Yes, allow viewing of video playlists."
"Yes, allow viewing of videos.";"Yes, allow viewing of videos."
"YN - Ultimate Video - Featured Videos";"YN - Ultimate Video - Featured Videos"
"YN - Ultimate Video - List All Playlists";"YN - Ultimate Video - List All Playlists"
"YN - Ultimate Video - List All Videos";"YN - Ultimate Video - List All Videos"
"YN - Ultimate Video - List Categories";"YN - Ultimate Video - List Categories"
"YN - Ultimate Video - List My Favorite Videos";"YN - Ultimate Video - List My Favorite Videos"
"YN - Ultimate Video - List My Videos";"YN - Ultimate Video - List My Videos"
"YN - Ultimate Video - List My Watch Later Videos";"YN - Ultimate Video - List My Watch Later Videos"
"YN - Ultimate Video - List Popular Playlists";"YN - Ultimate Video - List Popular Playlists"
"YN - Ultimate Video - List Videos By Category";"YN - Ultimate Video - List Videos By Category"
"YN - Ultimate Video - Most Liked Videos";"YN - Ultimate Video - Most Liked Videos"
"YN - Ultimate Video - My Playlist History";"YN - Ultimate Video - My Playlist History"
"YN - Ultimate Video - My Video History";"YN - Ultimate Video - My Video History"
"YN - Ultimate Video - Other Playlists From Member";"YN - Ultimate Video - Other Playlists From Member"
"YN - Ultimate Video - Other Videos From Member";"YN - Ultimate Video - Other Videos From Member"
"YN - Ultimate Video - People Also Liked";"YN - Ultimate Video - People Also Liked"
"YN - Ultimate Video - Playlist Create Link";"YN - Ultimate Video - Playlist Create Link"
"YN - Ultimate Video - Playlist Profile Info";"YN - Ultimate Video - Playlist Profile Info"
"YN - Ultimate Video - Playlist View Video Listings";"YN - Ultimate Video - Playlist View Video Listings"
"YN - Ultimate Video - Playlist View Video Slideshow";"YN - Ultimate Video - Playlist View Video Slideshow"
"YN - Ultimate Video - Popular Videos";"YN - Ultimate Video - Popular Videos"
"YN - Ultimate Video - Profile Favorite Videos";"YN - Ultimate Video - Profile Favorite Videos"
"YN - Ultimate Video - Profile Video Playlists";"YN - Ultimate Video - Profile Video Playlists"
"YN - Ultimate Video - Profile Videos";"YN - Ultimate Video - Profile Videos"
"YN - Ultimate Video - Recent Videos";"YN - Ultimate Video - Recent Videos"
"YN - Ultimate Video - Recommended Videos";"YN - Ultimate Video - Recommended Videos"
"YN - Ultimate Video - Related Videos";"YN - Ultimate Video - Related Videos"
"YN - Ultimate Video - Similar Videos";"YN - Ultimate Video - Similar Videos"
"YN - Ultimate Video - Tags";"YN - Ultimate Video - Tags"
"YN - Ultimate Video - Top Manage Menu";"YN - Ultimate Video - Top Manage Menu"
"YN - Ultimate Video - Top Members";"YN - Ultimate Video - Top Members"
"YN - Ultimate Video - Video Browse Menu";"YN - Ultimate Video - Video Browse Menu"
"YN - Ultimate Video - Video Browse Quick Menu";"YN - Ultimate Video - Video Browse Quick Menu"
"YN - Ultimate Video - Video Browse Search";"YN - Ultimate Video - Video Browse Search"
"YN - Ultimate Video - Videos Manage Menu";"YN - Ultimate Video - Videos Manage Menu"
"YN - Ultimate Video - Watch Again";"YN - Ultimate Video - Watch Again"
"YN - Ultimate Video";"YN - Ultimate Video"
"YNULTIMATEVIDEO_ADMIN_CATEGORY_DESCRIPTION";"This page is where admin creates and organizes video categories. Drag and Drop feature allows admin to easily change order and level of category."
"YNULTIMATEVIDEO_ADMIN_CATEGORY_FIELD_DESCRIPTION";"Create profile questions that allow listings in this category to describe themselves. To reorder the profile questions, click on their names and drag them up or down."
"ynultimatevideo_video";"video";"videos"
"you already rated";"you already rated"
"You do not have any playlists.";"You do not have any playlists."
"You do not have any videos in this playlist. Please add one.";"You do not have any videos in this playlist. Please add one."
"You do not have any videos in your favorite list.";"You do not have any videos in your favorite list."
"You do not have any videos in your watch-later list.";"You do not have any videos in your watch-later list."
"You do not have any videos.";"You do not have any videos."
"You do not have the authorization to view this video.";"You do not have the authorization to view this video."
"You have already created the maximum number of videos allowed. If you would like to post a new video, please delete an old one first.";"You have already created the maximum number of videos allowed. If you would like to post a new video, please delete an old one first."
"You have already uploaded the maximum number of videos allowed. If you would like to upload a new video, please delete an old one first.";"You have already uploaded the maximum number of videos allowed. If you would like to upload a new video, please delete an old one first."
"You have already uploaded the maximum number of videos allowed.";"You have already uploaded the maximum number of videos allowed."
"Younet Video Home Page";"Younet Video Home Page"
"YouNet Video Plugin";"YouNet Video Plugin"
"Your changes have been saved.";"Your changes have been saved."
"Your members can choose from any of the options checked below when they decide who can post comments on their video. If you do not check any options, everyone will be allowed to post comments on media.";"Your members can choose from any of the options checked below when they decide who can post comments on their video. If you do not check any options, everyone will be allowed to post comments on media."
"Your members can choose from any of the options checked below when they decide who can post comments on their video. If you do not check any options, everyone will be allowed to post comments on the playlist.";"Your members can choose from any of the options checked below when they decide who can post comments on their video. If you do not check any options, everyone will be allowed to post comments on the playlist."
"Your members can choose from any of the options checked below when they decide who can see their video. If you do not check any options, everyone will be allowed to view video playlists.";"Your members can choose from any of the options checked below when they decide who can see their video. If you do not check any options, everyone will be allowed to view video playlists."
"Your members can choose from any of the options checked below when they decide who can see their video. If you do not check any options, everyone will be allowed to view videos.";"Your members can choose from any of the options checked below when they decide who can see their video. If you do not check any options, everyone will be allowed to view videos."
"Your video is currently being processed - you will be notified when it is ready to be viewed.";"Your video is currently being processed - you will be notified when it is ready to be viewed."
"Your video is in queue to be processed - you will be notified when it is ready to be viewed.";"Your video is in queue to be processed - you will be notified when it is ready to be viewed."
"YouTube Data API v3 key";"YouTube Data API v3 key"
"YouTube Setting";"YouTube Setting"
"YouTube Video";"YouTube Video"

#notification types
"ACTIVITY_TYPE_YNULTIMATEVIDEO_PROCESSED";"When a video has been processed."
"ACTIVITY_TYPE_YNULTIMATEVIDEO_PROCESSED_FAILED";"When a video has failed to be processed."

#action type titles
"ADMIN_ACTIVITY_TYPE_COMMENT_YNULTIMATEVIDEO_PLAYLIST";"When a user comment on a video playlist."
"ADMIN_ACTIVITY_TYPE_YNULTIMATEVIDEO_ADD_FAVORITE";"When a user add a video to her or his favorite videos."
"ADMIN_ACTIVITY_TYPE_YNULTIMATEVIDEO_ADD_VIDEO_NEW_PLAYLIST";"When a user add a video to a video playlist."
"ADMIN_ACTIVITY_TYPE_YNULTIMATEVIDEO_COMMENT_VIDEO";"When a user comment for a video."
"ADMIN_ACTIVITY_TYPE_YNULTIMATEVIDEO_PLAYLIST_ADD_VIDEO";"When a new video added to a new video playlist."
"ADMIN_ACTIVITY_TYPE_YNULTIMATEVIDEO_PLAYLIST_NEW";"When a new video playlist is created."
"ADMIN_ACTIVITY_TYPE_YNULTIMATEVIDEO_VIDEO_NEW";"When a new video is posted."

"_ACTIVITY_ACTIONTYPE_COMMENT_YNULTIMATEVIDEO_PLAYLIST";"When a user comment on a video playlist."
"_ACTIVITY_ACTIONTYPE_YNULTIMATEVIDEO_ADD_FAVORITE";"When a user add a video to her or his favorite videos."
"_ACTIVITY_ACTIONTYPE_YNULTIMATEVIDEO_ADD_VIDEO_NEW_PLAYLIST";"When a user add a video to a video playlist."
"_ACTIVITY_ACTIONTYPE_YNULTIMATEVIDEO_COMMENT_VIDEO";"When a user comment for a video."
"_ACTIVITY_ACTIONTYPE_YNULTIMATEVIDEO_PLAYLIST_ADD_VIDEO";"When a new video added to a new video playlist."
"_ACTIVITY_ACTIONTYPE_YNULTIMATEVIDEO_PLAYLIST_NEW";"When a new video playlist is created."
"_ACTIVITY_ACTIONTYPE_YNULTIMATEVIDEO_VIDEO_NEW";"When a new video is posted."

"ACTIVITY_TYPE_YNFORUM_TOPIC_REPLY";"When people reply to forum topics that I've replied to."
"ACTIVITY_TYPE_YNFORUM_TOPIC_RESPONSE";"When people reply to forum topics that I create."
"ACTIVITY_TYPE_YNFORUM_PROMOTE";"When I'm given moderator status in a forum."
"ACTIVITY_TYPE_YNFORUM_POST_THANK";"When I thank to a post in the forum."
"YNULTIMATEVIDEO_EMAIL_TO_FRIENDS_DESCRIPTION";"Send this video to your friends."

# item types
"ITEM_TYPE_VIDEO";"Videos"
"ITEM_TYPE_YNULTIMATEVIDEO_PLAYLIST";"Video Playlists"

# notification types
"Your {item:$object:video} is ready to be viewed.";"Your {item:$object:video} is ready to be viewed."
"Your {item:$object:video} has failed to process.";"Your {item:$object:video} has failed to process."

# mail templates

# notify_video_processed
"_EMAIL_NOTIFY_YNULTIMATEVIDEO_PROCESSED_TITLE";"Video Processed"
"_EMAIL_NOTIFY_YNULTIMATEVIDEO_PROCESSED_DESCRIPTION";"This email is sent to the owner of the video when the uploaded video has been processed and is ready for viewing."
"_EMAIL_NOTIFY_YNULTIMATEVIDEO_PROCESSED_SUBJECT";"Your video ""[object_title]"" has finished processing"
"_EMAIL_NOTIFY_YNULTIMATEVIDEO_PROCESSED_BODY";"[header]

Your video has been processed and is ready to be viewed. Please click the following link to view it:

http://[host][object_link]

[footer]"

# notify_video_processed_failed
"_EMAIL_NOTIFY_YNULTIMATEVIDEO_PROCESSED_FAILED_TITLE";"Video Processing Failed"
"_EMAIL_NOTIFY_YNULTIMATEVIDEO_PROCESSED_FAILED_DESCRIPTION";"This email is sent to the owner of the video when the uploaded video has failed to be processed."
"_EMAIL_NOTIFY_YNULTIMATEVIDEO_PROCESSED_FAILED_SUBJECT";"Your video ""[object_title]"" has failed to process"
"_EMAIL_NOTIFY_YNULTIMATEVIDEO_PROCESSED_FAILED_BODY";"[header]

We apologize, but there was a problem processing your video. The message was:
""[message]""

Please click the following link to view it:

http://[host][message_link]

[footer]"

"_EMAIL_YNULTIMATEVIDEO_SEND_VIDEO_TO_FRIENDS_TITLE";"A video is sent to you"
"_EMAIL_YNULTIMATEVIDEO_SEND_VIDEO_TO_FRIENDS_SUBJECT";"A video is sent to you"
"_EMAIL_YNULTIMATEVIDEO_SEND_VIDEO_TO_FRIENDS_BODY";"[header]

This email is sent to the you because a friend ([sender_title]) send a video ""[object_title]"" to you with this message :

""[message]""

Please click the following link to view this video:

http://[host][object_link]

Please click the following link to view your friend profile:

http://[host][sender_link]
"
"YNULTIMATEVIDEO_ADMIN_MIGRATE_DESCRIPTION";"This is the place for you to select which items will be migrated. Please be noted that the migrating progress will be run based on the cron job settings."
"YNULTIMATEVIDEO_ADMIN_SETTINGS_YOUTUBE_DESCRIPTION";"<strong>Setting up OAuth 2.0</strong>: <a href=""%s"" target=""_blank"">https://developers.google.com/identity/protocols/OpenIDConnect?hl=en#appsetup</a>.<br/>"